ID_DOCUMENT;FIRSTNAME;LASTNAME ;GENDER;DOCUMENT_NUMBER;ISSUE_PLACE;ISSUE_DATE;NATIONALITY;BIRTHDAY;EMAIL;PASSWORDUSER;ADDRESS_HOUSE;FK_DEPARTMENT_HOUSE;FK_CITY;POSTAL_CODE;ADDRESS_HOUSE2;FK_COUNTRY;CELLPHONE;FK_DEPARTMENT
1;Josephina;Sooley;F;1234;Nancheng;6/05/2002;China;7/04/1962;jsooley0@yahoo.co.jp;ouSXmOf;23577 Badeau Way;1;1;346930;9 Upham Street;1;673-322-5320;1
2;Maxine;Cavey;F;1235;Novoshakhtinsk;5/04/1981;COLOMBIA;22/08/1977;mcavey1@miibeian.gov.cn;7UAmPS;58 Sage Alley;2;2;346931;776 Sunfield Crossing;2;861-413-4444;2
3;Ernst;Zupone;M;1236;Nagarakembang;28/03/2005;Indonesia;19/01/1974;ezupone2@hugedomains.com;0qLpz4IjrlI;21 Manitowish Alley;3;3;346932;7 Welch Trail;3;672-219-8706;3
4;Sephira;Ruppelin;F;1237;Santo Tomas;2/01/2001;Greece;12/09/2015;sruppelin3@elegantthemes.com;H6ikwlYG;95 Stuart Street;4;4;346933;5 Morrow Drive;4;955-496-8631;4
5;Kermy;Blinkhorn;M;1238;Sifala;10/02/1975;Canada;15/07/2013;kblinkhorn4@booking.com;Lk1VBn7gci;72 Oriole Street;5;5;346934;2246 Forest Dale Parkway;5;863-631-4590;5
6;Dicky;Vigus;M;1239;Pajoreja;26/05/1962;United States;16/01/1988;dvigus5@zdnet.com;6BU11a;5721 Vernon Court;6;6;346935;2 Carpenter Terrace;6;203-374-2664;6
7;Sheridan;Diver;M;1240;Sortavala;26/12/2011;Guatemala;23/03/2000;sdiver6@berkeley.edu;Hckh8MGlLd;4 Shelley Hill;7;7;346936;261 Corscot Center;7;660-888-5592;7
8;Zolly;Faucherand;M;1241;Lenger;11/08/1965;Czech Republic;12/11/2006;zfaucherand7@cnet.com;K5l4xqOt5g06;17 Jenifer Court;8;8;346937;190 Coleman Point;8;739-576-8418;8
9;Jacobo;Brundrett;M;1242;Montluel;5/12/1976;Portugal;7/03/2005;jbrundrett8@ucsd.edu;uZaVOYSOKm4;99 Butternut Place;9;9;346938;48 Anniversary Avenue;9;857-758-4709;9
10;Thalia;Phippard;F;1243;Rumbek;1/07/2001;South Africa;13/10/1972;tphippard9@cisco.com;z0zHAwxoApFc;8070 Golf Course Way;10;10;346939;0 Trailsway Junction;10;310-242-6890;10
11;Riane;Reinard;F;1244;Bristol;20/04/2004;Brazil;27/04/2004;rreinarda@hp.com;qKYGKYhS8S;60 Gateway Hill;11;11;346940;04 Morning Lane;11;392-947-5595;11
12;Aeriela;Tiernan;F;1245;Manaloal;24/05/1964;Albania;14/08/1976;atiernanb@yale.edu;aBzWSbHco;93536 Milwaukee Crossing;12;12;346941;1 Rigney Circle;12;677-567-1655;12
13;Augy;Coulthard;M;1246;Putun;15/11/1986;Russia;25/01/1969;acoulthardc@about.com;3g2OwufXllw3;89 Warrior Crossing;13;13;346942;550 Grayhawk Circle;13;407-215-6445;13
14;Dehlia;Bradlaugh;F;1247;Lingion;21/02/2014;Somalia;9/03/1988;dbradlaughd@last.fm;meGD1t6MRTXm;791 Eggendart Center;14;14;346943;9 Northport Pass;14;784-406-5767;14
15;Cassius;MacGuigan;M;1248;Ernestinovo;29/12/1972;Iran;26/10/1983;cmacguigane@pcworld.com;avNaZmIQe;13 Onsgard Trail;15;15;346944;95555 Marquette Crossing;15;534-777-0516;15
16;Dre;MacNeice;F;1249;Dushanbe;16/12/1979;Japan;3/05/1991;dmacneicef@bravesites.com;AWyxpN;2711 Nelson Pass;16;16;346945;4717 Tennyson Way;16;744-447-2405;16
17;Rhoda;Wherrett;F;1250;San Rafael;19/08/2002;Mexico;16/12/2007;rwherrettg@zdnet.com;3LlMlTwT;8116 Macpherson Crossing;17;17;346946;5 Logan Plaza;17;706-124-2083;17
18;Zabrina;Huyhton;F;1251;Hartford;9/09/1986;Belarus;20/12/1979;zhuyhtonh@wunderground.com;LFbwdW7gDD1;2817 Donald Road;18;18;346947;43732 International Road;18;860-647-6944;18
19;Bella;Hawgood;F;1252;Sauga;4/03/1991;Ukraine;15/09/1987;bhawgoodi@apache.org;6fkVkBgoi2Mw;7496 Merchant Plaza;19;19;346948;27726 Bashford Alley;19;822-378-7619;19
20;Gareth;Rotherham;M;1253;Saint-Denis;30/05/1967;Ethiopia;29/11/1995;grotherhamj@dmoz.org;x6NhBL6L0D;99 Columbus Terrace;20;20;346949;640 Mallory Park;20;463-869-4805;20
21;Aeriell;Yegorshin;F;1254;East Angus;4/05/2007;Malaysia;4/09/1979;ayegorshink@ed.gov;9WA6pF6;66699 Pond Center;21;21;346950;9 Alpine Circle;21;232-687-2629;21
22;Milissent;O'Kinedy;F;1255;Bacelo;14/11/2009;Cameroon;10/06/1999;mokinedyl@mayoclinic.com;KKPc7f3E;506 Rieder Court;22;22;346951;5 Del Sol Court;22;737-293-0674;22
23;Editha;Parley;F;1256;Ōarai;24/11/1970;Sweden;19/08/2016;eparleym@fastcompany.com;NxEiSSkq57;27364 Thompson Place;23;23;346952;94875 Buell Terrace;23;940-432-3449;23
24;Sioux;Brookesbie;F;1257;Piteå;13/08/1992;France;25/07/1966;sbrookesbien@cocolog-nifty.com;TlQBs9AU;5 Sachs Circle;24;24;346953;2699 Sachs Center;24;825-109-3798;24
25;Shoshanna;Antuoni;F;1258;Muritiba;9/02/1992;Slovenia;30/04/1972;santuonio@woothemes.com;o6WulU35C;90 Sachs Park;25;25;346954;51 Moose Lane;25;587-244-4740;25
26;Eldin;Izat;M;1259;Klobuky;9/12/2010;Poland;6/01/1989;eizatp@delicious.com;G3si7jILmasx;0248 Center Center;26;26;346955;5058 Fairfield Pass;26;154-708-4217;26
27;Elisabeth;Yanov;F;1260;Kerema;13/08/2013;Syria;20/04/1979;eyanovq@tinypic.com;vkM0noUH;06729 Calypso Pass;27;27;346956;288 Saint Paul Circle;27;775-749-7611;27
28;Angel;Jouaneton;F;1261;Zarichne;13/04/1969;Madagascar;19/04/2003;ajouanetonr@sogou.com;f0HFHRGL;1390 Mendota Parkway;28;28;346957;0 Susan Road;28;657-853-9263;28
29;Clayborn;Landells;M;1262;Zilupe;24/02/2012;Netherlands;21/05/2000;clandellss@webeden.co.uk;SZavLUfwwh;702 Maple Wood Crossing;29;29;346958;259 Briar Crest Center;29;392-457-3461;29
30;Danica;Feronet;F;1263;Shaxi;30/03/1992;Uganda;8/05/2001;dferonett@addthis.com;vqP1vR;443 Duke Lane;30;30;346959;0866 Westend Alley;30;812-354-3065;30
31;Maurizia;Sykes;F;1264;Prosvet;17/11/2007;Trinidad and Tobago;30/03/2006;msykesu@webmd.com;1TU7sQ3dByT;002 Superior Terrace;31;31;346960;948 Dennis Place;31;777-767-0172;31
32;Hobard;Wakeley;M;1265;Gubskaya;25/09/2004;Panama;10/03/1993;hwakeleyv@creativecommons.org;7UlgJq1XlY;425 Bay Avenue;32;32;346961;88849 Ridgeview Crossing;32;257-422-2368;32
33;Kaitlyn;Fine;F;1266;Marulanda;3/04/2017;Luxembourg;18/01/1993;kfinew@diigo.com;7PV4inGTH;99 Loomis Avenue;33;33;346962;438 Blue Bill Park Crossing;33;221-745-8311;33
34;Jephthah;Humble;M;1267;Alejal;13/07/1985;Sierra Leone;4/10/1995;jhumblex@myspace.com;FFY21wccPs;654 Milwaukee Street;34;34;346963;29 Westend Pass;34;232-299-0102;34
35;Charmine;O'Canavan;F;1268;Bulualto;26/05/2002;Croatia;23/12/2006;cocanavany@homestead.com;wWpPdMB;0508 Reindahl Place;35;35;346964;63057 Muir Alley;35;848-338-5050;35
36;Madelene;Zannotti;F;1269;Pavlivka;13/05/2008;Egypt;9/01/2014;mzannottiz@shinystat.com;pHBNgTW6rOL;55 Sauthoff Point;36;36;346965;56475 Rusk Hill;36;383-600-5901;36
37;Bay;Edelman;M;1270;Unión de Reyes;10/05/1991;Spain;22/02/1962;bedelman10@java.com;bPYC0Xer2;027 David Junction;37;37;346966;49337 Heath Lane;37;939-447-9999;37
38;Bradley;Singleton;M;1271;Miedzichowo;7/01/1965;Ghana;26/08/1964;bsingleton11@shop-pro.jp;JZaiX1zNCIbn;24 Maple Wood Park;38;38;346967;259 Oxford Trail;38;488-120-6266;38
39;Ailis;Bottlestone;F;1272;Lucerna;10/11/1978;Vietnam;27/01/2008;abottlestone12@amazon.co.uk;03AgLpeYa7w;60 Caliangt Center;39;39;346968;267 Oak Valley Point;39;303-935-1948;39
40;Martin;Bisseker;M;1273;Erétria;30/07/2000;Myanmar;24/11/1992;mbisseker13@google.com.hk;mROExM20El3;58419 Hooker Terrace;40;40;346969;7402 Merry Terrace;40;472-250-8833;40
41;Jarvis;Greenhall;M;1274;Trakai;23/10/2009;Saudi Arabia;2/03/1961;jgreenhall14@hexun.com;QuQ1SWWh;684 Meadow Valley Court;41;41;346970;810 Lighthouse Bay Lane;41;256-643-4208;41
42;Gerick;Verbeek;M;1275;Bojongaren;12/04/2010;Argentina;3/04/1961;gverbeek15@typepad.com;AOWq1Y6iF;28 Dixon Hill;42;42;346971;95212 Weeping Birch Avenue;42;747-483-3648;42
43;Josepha;Ransom;F;1276;Alcaria;18/05/1973;Latvia;21/04/1978;jransom16@amazon.co.uk;4WQ47xQLN;1342 Melody Avenue;43;43;346972;74 Hudson Crossing;43;278-265-2848;43
44;Kiele;De Andreis;F;1277;Tanjung Pandan;10/11/1994;Finland;10/06/1984;kdeandreis17@princeton.edu;kq9mGcpSMM5p;292 Darwin Alley;44;44;346973;23 Pleasure Center;44;870-107-3753;44
45;Wildon;Dedman;M;1278;Kunsan;28/08/1967;Kazakhstan;18/01/2006;wdedman18@ihg.com;VCWz69vI3Cn;8 Farwell Drive;45;45;346974;4583 Del Sol Crossing;45;658-568-5275;45
46;Philbert;McGillreich;M;1279;Qvareli;28/01/1973;Ireland;27/03/2010;pmcgillreich19@zdnet.com;6edcQq73kH;2543 Dryden Point;46;46;346975;523 Moulton Trail;46;772-274-2202;46
47;Gus;Rosenvasser;M;1280;San Antonio;24/10/1971;Nigeria;15/11/1974;grosenvasser1a@latimes.com;89B9LLTtQ0;63352 Maryland Court;47;47;346976;899 Ridge Oak Pass;47;448-838-5263;47
48;Bette-ann;Deschelle;F;1281;Azul;2/07/2010;Cuba;24/03/1966;bdeschelle1b@forbes.com;bwDBa2a1TB;3564 Elmside Lane;48;48;346977;512 Heath Place;48;462-199-1354;48
49;Kalindi;Sultan;F;1282;Suisan;9/01/1970;Kuwait;5/12/2017;ksultan1c@goo.gl;XPlDMMZ8s;70 Rieder Court;49;49;346978;347 Banding Avenue;49;419-939-8643;49
50;Bertram;Heap;M;1283;Nidri;21/12/2009;Niger;13/04/1968;bheap1d@quantcast.com;RSFmB0p;2125 Summer Ridge Hill;50;50;346979;4 Sloan Terrace;50;594-976-2913;50
51;Cristi;Szymanek;F;1284;Moriki;18/04/1995;Thailand;5/09/1965;cszymanek1e@narod.ru;ziQs5oyD7Dz;625 Summer Ridge Place;51;51;346980;136 Warner Hill;51;354-545-1514;51
52;Sherlock;Colpus;M;1285;Independencia;11/03/2002;Israel;18/02/2000;scolpus1f@e-recht24.de;Od27jzVUD;16775 Ridgeview Hill;52;52;346981;111 Independence Terrace;52;143-669-9511;52
53;Mirabel;Stanbro;F;1286;Oujiangcha;28/02/1965;Mongolia;24/04/1974;mstanbro1g@engadget.com;HpbUc126LIYn;7 Fremont Place;53;53;346982;47086 Gulseth Center;53;149-971-8412;53
54;Agnola;Safe;F;1287;Fenais da Luz;30/10/1961;Palestinian;19/10/1993;asafe1h@about.me;nQBMR1Fvt5aZ;3 Jenna Lane;54;54;346983;321 Del Sol Street;54;284-417-2786;54
55;Debora;Toppin;F;1288;Vasilikón;23/04/1964;Peru;6/11/1986;dtoppin1i@hugedomains.com;QDYf48;94 Canary Alley;55;55;346984;01275 Lakewood Gardens Way;55;825-547-1478;55
56;Ingeberg;Chatel;F;1289;Rotterdam postbusnummers;1/09/2013;New Caledonia;28/02/1991;ichatel1j@xinhuanet.com;FkrBuB;08655 Sachtjen Parkway;56;56;346985;3866 Fair Oaks Hill;56;712-174-4762;56
57;Rianon;Beek;F;1290;Chust Shahri;23/07/2014;Afghanistan;2/02/1981;rbeek1k@tamu.edu;xVR5HEcP;824 Evergreen Avenue;57;57;346986;35636 Ridgeview Avenue;57;767-733-6914;57
58;Pedro;Sokill;M;1291;Xiaofayi;4/11/1998;Estonia;24/09/1988;psokill1l@businessinsider.com;hYbTooN;1 Veith Drive;58;58;346987;4315 Maple Avenue;58;573-405-9662;58
59;Kelvin;Pond-Jones;M;1292;Carvalho;6/08/2014;Norway;25/11/1976;kpondjones1m@qq.com;KlCdmyF;84117 Meadow Valley Trail;59;59;346988;00170 Hansons Circle;59;713-124-1354;59
60;Thomasine;Bridell;F;1293;Delaware;3/12/1994;Reunion;27/06/2001;tbridell1n@ucoz.com;2j3SekBysT9;330 Dunning Way;60;60;346989;371 Butternut Alley;60;210-942-9877;60
61;Flora;Nuccii;F;1294;Jiangqiao;31/03/1992;Chile;18/05/2017;fnuccii1o@toplist.cz;OhyxUkti4;6 Carioca Parkway;61;61;346990;2363 Oak Place;61;957-707-9916;61
62;Colly;Molloy;F;1295;Buenaventura;26/07/1961;Lithuania;19/02/1990;cmolloy1p@cloudflare.com;xdnqsV6j25eR;60473 Prentice Street;62;62;346991;95098 Darwin Parkway;62;648-976-8680;62
63;Seumas;Foort;M;1296;Houping;14/02/2007;Serbia;16/10/2003;sfoort1q@linkedin.com;ZrCPyG;67160 Stone Corner Court;63;63;346992;0960 Havey Hill;63;687-953-0147;63
64;Lissa;Donnelly;F;1297;Överkalix;26/06/1975;Nepal;17/10/2013;ldonnelly1r@istockphoto.com;pbnWms99q;57 Knutson Parkway;64;64;346993;4 Washington Park;64;907-346-7691;64
65;Paten;Faber;M;1298;Lailunggi;26/06/2006;Faroe Islands;20/08/1982;pfaber1s@forbes.com;PURKJjUthY0;2 Buell Drive;65;65;346994;5677 Jana Lane;65;413-577-0391;65
66;Pamelina;Zanussii;F;1299;Izmaylovo;27/11/2006;Honduras;2/02/1964;pzanussii1t@shutterfly.com;D3vnl7x;94352 Fallview Circle;66;66;346995;15 Milwaukee Point;66;341-582-5909;66
67;Rollo;Sealand;M;1300;Açu;12/02/1971;Pakistan;3/02/1972;rsealand1u@unc.edu;qlzGKbQ;511 Bunker Hill Avenue;67;67;346996;23904 North Avenue;67;615-823-0870;67
68;Leia;Oxberry;F;1301;Hassi Berkane;8/08/1997;Kyrgyzstan;7/09/1994;loxberry1v@cpanel.net;NhKmRdD;4 Monica Pass;68;68;346997;00 Fremont Trail;68;763-432-3724;68
69;Ofella;Whitsey;F;1302;Prokhladnyy;5/09/1982;Australia;7/11/1991;owhitsey1w@umn.edu;5wzUgUfn;070 Towne Way;69;69;346998;2 8th Pass;69;556-711-3157;69
70;Dotti;Bowstead;F;1303;Bureya;16/09/1966;Uzbekistan;6/04/1966;dbowstead1x@tripadvisor.com;7RWYcnfxtktD;7740 Scott Park;70;70;346999;44250 Hayes Place;70;949-241-2114;70
71;Cyndie;Stolberg;F;1304;Chaparral;25/12/1986;United Arab Emirates;5/03/1995;cstolberg1y@sciencedaily.com;I6JAZ4kKE8;84 Thierer Circle;71;71;347000;99894 Elka Avenue;71;914-832-0896;71
72;Darci;Caverhill;F;1305;Podhum;6/11/1998;Bosnia and Herzegovina;8/12/2016;dcaverhill1z@arstechnica.com;xz4239O;02598 Meadow Valley Center;72;72;347001;02408 Arapahoe Parkway;72;724-508-9590;72
73;Ermina;Totton;F;1306;Sanguansi;8/04/1965;Yemen;26/06/1973;etotton20@youku.com;oOTt1Kdx7V;6 Loftsgordon Terrace;73;73;347002;163 Commercial Parkway;73;458-777-7197;73
74;Felicdad;McBryde;F;1307;Secunda;15/10/1961;Tanzania;14/12/2008;fmcbryde21@hud.gov;gJ81etjvA0K;88 Blue Bill Park Point;74;74;347003;53325 Armistice Way;74;951-753-0493;74
75;Athene;Polland;F;1308;Cruzeiro;27/10/2003;Morocco;11/11/2008;apolland22@google.es;qXYIGFLWsB6;215 Hovde Place;75;75;347004;7 Marcy Court;75;781-369-8196;75
76;Lonnie;Dreghorn;M;1309;Buíque;7/02/1988;Azerbaijan;1/02/1966;ldreghorn23@canalblog.com;HGdJs1Z;5923 Transport Plaza;76;76;347005;4 Mandrake Alley;76;266-880-9432;76
77;Pet;Matiebe;F;1310;Šoštanj;27/11/1969;Zambia;15/02/1961;pmatiebe24@stanford.edu;vSlE22nKLy;22 Kedzie Lane;77;77;347006;86 Grover Park;77;578-976-4668;77
78;Ardath;Allflatt;F;1311;Blawi;11/02/1962;Ivory Coast;6/07/2006;aallflatt25@wikimedia.org;apUEpSMK;381 Sunfield Terrace;78;78;347007;252 Killdeer Street;78;956-126-9086;78
79;Ashlee;Emmott;F;1312;Larreynaga;8/09/1974;Sri Lanka;29/07/1972;aemmott26@china.com.cn;ktOxHLnIcS;940 Mayfield Place;79;79;347008;996 Lyons Court;79;570-399-5873;79
80;Pearla;Brightie;F;1313;Svetogorsk;21/03/1985;Tajikistan;23/08/1982;pbrightie27@4shared.com;w8zjdmqYPRg;59239 Manitowish Junction;80;;347009;8119 La Follette Avenue;80;882-812-6999;80
81;Orel;Coupe;F;1314;Haiyan;1/06/2013;China;18/12/1968;ocoupe28@purevolume.com;lQ2dit;5239 Garrison Court;118;118;347010;5048 Nevada Street;1;828-531-9755;118
82;Patsy;Waison;M;1315;Udon Thani;2/12/1994;COLOMBIA;27/11/1969;pwaison29@fastcompany.com;Dfg3COomOiB;452 Grover Circle;81;81;347011;384 North Crossing;2;868-902-8789;81
83;Carie;Kingswood;F;1316;Simões Filho;13/12/1962;Indonesia;20/02/1992;ckingswood2a@t.co;p2tpYAr;33430 Roth Trail;120;120;347012;0 High Crossing Terrace;3;330-535-8298;120
84;Aggy;Ismead;F;1317;Laojun;10/11/1966;Greece;31/07/2016;aismead2b@ovh.net;2e8DrYo;365 Novick Street;121;121;347013;14 Fulton Place;4;199-988-2649;121
85;Maxy;Hasselby;F;1318;San Agustín Acasaguastlán;17/04/2009;Canada;10/02/2013;mhasselby2c@kickstarter.com;q8WD2ebiPo7n;54 Longview Hill;122;122;347014;7460 Lerdahl Park;5;191-622-3410;122
86;Candie;Vanyukhin;F;1319;Guancheng;9/05/2011;United States;19/10/2011;cvanyukhin2d@fda.gov;F6Z9DKaB;174 Gerald Junction;123;123;347015;6327 Swallow Avenue;6;459-323-5183;123
87;Natasha;O'Kinneally;F;1320;Libertador General San Martín;16/07/1999;Guatemala;23/06/2012;nokinneally2e@wikimedia.org;eBXaz7;0532 Donald Junction;124;124;347016;41 Bellgrove Alley;7;226-469-2610;124
88;Mitchael;Chidler;M;1321;Xinhe;20/02/2006;Czech Republic;10/07/1976;mchidler2f@wsj.com;bMcpGrNy;998 Killdeer Drive;125;125;347017;74 Myrtle Road;8;484-684-7951;125
89;Milzie;Parsell;F;1322;Jedung;12/07/2005;Portugal;14/06/2010;mparsell2g@reverbnation.com;viby084LqU7;7132 Cherokee Crossing;126;126;347018;95 Vahlen Trail;9;919-129-0888;126
90;Geri;Guirau;M;1323;Nyakhachava;17/07/1972;South Africa;28/04/2002;gguirau2h@yale.edu;YZib2eLsC;6471 Old Gate Place;127;127;347019;3 Delaware Drive;10;372-609-2677;127
91;Olenolin;Blaymires;M;1324;Cikalong;5/12/2001;Brazil;8/10/2005;oblaymires2i@wufoo.com;WZqPwK11MV;55 Clyde Gallagher Court;11;138;347020;09223 Harbort Junction;11;559-331-8169;11
92;Harri;Carle;F;1325;Padre Burgos;30/03/1996;Albania;21/08/1975;hcarle2j@google.com.hk;pPqP198n0;09 Memorial Road;12;139;347021;487 Ohio Hill;12;521-979-0708;12
93;Si;Robbey;M;1326;Pandanrejokrajan;19/09/2015;Russia;30/08/2015;srobbey2k@wordpress.com;BZAAGkTzDaYC;24 Old Gate Junction;13;140;347022;9 Menomonie Avenue;13;139-915-4171;13
94;Cristiano;Olexa;M;1327;Vorzel’;11/07/2003;Somalia;28/03/1980;colexa2l@ovh.net;0x5yQRYlN1;971 Merry Court;14;141;347023;91757 Surrey Center;14;135-519-4975;14
95;Lem;Gradley;M;1328;Aurora;29/07/1996;Iran;13/10/1997;lgradley2m@topsy.com;cH2MLuNx4T;52414 Macpherson Street;15;225;347024;46 Pierstorff Alley;15;303-741-7761;15
96;Roch;Oakey;F;1329;San Pedro Sacatepéquez;27/12/2013;Japan;21/01/2013;roakey2n@europa.eu;0SAWDV;574 Helena Avenue;16;226;347025;743 Bowman Road;16;534-664-0598;16
97;Freeman;Housaman;M;1330;Anse Boileau;21/03/1994;Mexico;11/09/1985;fhousaman2o@boston.com;6ZMn3Jqz;415 Nobel Way;17;227;347026;5906 Forest Run Crossing;17;228-307-3833;17
98;Mord;Lockley;M;1331;Naprawa;2/12/1981;Belarus;8/04/1981;mlockley2p@squidoo.com;TFwo1HX94;1 Esker Way;18;228;347027;3923 Johnson Court;18;636-473-9971;18
99;Gwyneth;Kief;F;1332;Ardino;21/02/2003;Ukraine;4/07/1980;gkief2q@liveinternet.ru;n2qXSin;92 Carey Parkway;19;229;347028;1 Maple Wood Center;19;894-879-0544;19
100;Nico;Amberson;M;1333;Bosobolo;21/02/1986;Ethiopia;11/08/1970;namberson2r@seesaa.net;xZbyZh;856 Bobwhite Parkway;20;230;347029;85 Mockingbird Place;20;120-512-3042;20
101;Delphinia;Lahrs;F;1334;Sincelejo;3/11/1992;Malaysia;20/11/1979;dlahrs2s@blinklist.com;LHObr3QI5zz;853 Autumn Leaf Hill;21;231;347030;020 Eggendart Circle;21;327-105-5008;21
102;Emilia;MacKowle;F;1335;Białołeka;16/10/1999;Cameroon;28/05/2013;emackowle2t@weebly.com;RnjUIXGPC5a;50907 Mandrake Center;22;232;347031;7 Dayton Alley;22;170-331-3928;22
103;Davis;Reddan;M;1336;Bangbayang;8/04/1991;Sweden;15/08/2006;dreddan2u@gnu.org;881p29vE0;44230 Ludington Place;23;233;347032;9 Arrowood Plaza;23;629-831-5426;23
104;Larisa;Warrick;F;1337;Vondrozo;17/02/1970;France;18/06/1980;lwarrick2v@over-blog.com;jcK12Ra4GF65;31455 Jay Parkway;24;234;347033;62499 High Crossing Plaza;24;488-216-7816;24
105;Izzy;Dadswell;M;1338;Kayangel;6/09/1973;Slovenia;9/08/1997;idadswell2w@dyndns.org;EwSHH82;89034 Sullivan Center;25;235;347034;19 Little Fleur Lane;25;984-803-9264;25
106;Teador;MacAleese;M;1339;Caacupé;15/01/1963;Poland;26/07/2013;tmacaleese2x@exblog.jp;6LdBBeR7fm;88 La Follette Drive;26;236;347035;3587 Delaware Center;26;402-623-3855;26
107;Claudius;Steeples;M;1340;Xiaotao;3/06/2015;Syria;22/06/1972;csteeples2y@slate.com;TG0CBzr;30 Banding Pass;27;237;347036;0448 Scofield Center;27;787-969-7965;27
108;Mannie;Giacopello;M;1341;San Vicente;10/09/2003;Madagascar;2/08/2001;mgiacopello2z@dropbox.com;uJiQwYfT5Td;78958 Gerald Crossing;28;281;347037;78 Marquette Road;28;824-389-8760;28
109;Deena;Grief;F;1342;Selajambe Satu;17/03/2015;Netherlands;8/12/1964;dgrief30@umich.edu;x21zbkoaKAI;700 Melvin Parkway;29;282;347038;7919 Spaight Center;29;968-484-7487;29
110;Chandal;Wallsworth;F;1343;Tower;30/12/1961;Uganda;26/05/1992;cwallsworth31@vk.com;Q6rVcAmiiX;48203 Fuller Lane;30;283;347039;510 Comanche Crossing;30;466-648-5338;30
111;Priscella;Sousa;F;1344;Adstock;22/04/2014;Trinidad and Tobago;30/09/1999;psousa32@tripod.com;ny1U2QIrYu;6433 Oneill Place;31;284;347040;99 Eastwood Pass;31;395-246-7329;31
112;Arlan;Florence;M;1345;Český Těšín;22/08/2017;Panama;21/05/1991;aflorence33@yelp.com;hJTdm0Zz;6401 Hermina Lane;32;285;347041;37847 Lakewood Gardens Street;32;563-458-4824;32
113;Edy;Boullen;F;1346;Bandhagen;7/10/1980;Luxembourg;12/11/1974;eboullen34@umn.edu;yKvZylaXNj;8 Bultman Place;33;142;347042;61 Oriole Street;33;131-725-5295;33
114;Pip;Harring;M;1347;Frederico Westphalen;30/03/1999;Sierra Leone;20/10/1967;pharring35@fastcompany.com;hQZmJ65K5;6 Marcy Trail;34;143;347043;01 Surrey Drive;34;536-963-9324;34
115;Chas;Shortland;M;1348;Finote Selam;28/06/2007;Croatia;10/12/2015;cshortland36@vinaora.com;C3Fy267;6 Larry Avenue;35;144;347044;886 Hansons Trail;35;976-880-9246;35
116;Artemas;Dooley;M;1349;Gent;8/05/1984;Egypt;30/04/1992;adooley37@dell.com;3Us7wfPbo;5 Dapin Crossing;36;145;347045;6441 1st Junction;36;522-264-5271;36
117;Lanette;Trymme;F;1350;Yatunpu;17/05/1976;Spain;5/05/1972;ltrymme38@netlog.com;h0oB8RX6;4 Badeau Park;37;146;347046;812 Fremont Parkway;37;713-131-0674;37
118;Sanderson;Belch;M;1351;Estefania;11/07/1981;Ghana;30/03/1967;sbelch39@bigcartel.com;TkC7SMqz;83770 Westridge Trail;38;147;347047;1 1st Court;38;180-666-1165;38
119;Phyllys;Carmel;F;1352;Gobernador Ingeniero Valentín Virasoro;16/03/2013;Vietnam;6/03/2005;pcarmel3a@123-reg.co.uk;EKI5gaW5C;0359 Badeau Avenue;39;148;347048;73347 Manitowish Avenue;39;109-728-3054;39
120;Helyn;Brockest;F;1353;Bantilan;11/05/1999;Myanmar;11/06/1965;hbrockest3b@cbsnews.com;rYXNhG;80 Dryden Way;40;149;347049;71584 Dawn Road;40;646-683-7832;40
121;Alice;Harman;F;1354;Mishkino;1/03/1975;Saudi Arabia;27/10/1980;aharman3c@usatoday.com;NHNH2JylC;26065 Old Gate Center;41;150;347050;6208 Tony Pass;41;353-991-7200;41
122;Tailor;Leavesley;M;1355;Mariara;14/06/1967;Argentina;11/09/1976;tleavesley3d@nymag.com;8ROe6A;1571 Lake View Parkway;42;151;347051;63 Summerview Junction;42;329-671-7717;42
123;Saundra;Seneschal;F;1356;Encantado;17/02/1962;Latvia;3/09/1966;sseneschal3e@adobe.com;j4OJZD;6542 Morrow Trail;43;152;347052;63860 Sachtjen Lane;43;963-552-8844;43
124;Andras;McDowell;M;1357;Oak Bay;12/08/1964;Finland;20/10/1963;amcdowell3f@wordpress.com;j0ogYpXbK;36150 Homewood Park;44;153;347053;00 Marquette Alley;44;668-264-7165;44
125;Thalia;Dryburgh;F;1358;Caminaca;16/12/1978;Kazakhstan;6/11/1970;tdryburgh3g@boston.com;sKAccSm7j;290 Walton Drive;45;154;347054;24732 Oak Valley Court;45;724-474-4339;45
126;Hamel;Wims;M;1359;Jing’an;1/08/1963;Ireland;20/07/1976;hwims3h@angelfire.com;FoArUDyJ;8 Hudson Way;46;155;347055;35568 Drewry Way;46;953-532-0708;46
127;Sophi;Jeanequin;F;1360;Orléans;23/04/1988;Nigeria;27/09/2015;sjeanequin3i@spiegel.de;WfmrNyLglsoX;7 Bobwhite Junction;47;156;347056;30120 Longview Park;47;194-512-5416;47
128;Gilbert;Moulding;M;1361;Verdun;17/08/2011;Cuba;13/01/1998;gmoulding3j@sina.com.cn;FSmuPdy;4 Monica Alley;48;157;347057;903 Golden Leaf Parkway;48;369-909-1787;48
129;Rafaelia;Ludlamme;F;1362;Lubbock;5/11/1983;Kuwait;9/07/1973;rludlamme3k@nydailynews.com;5lzcwvSs3EA;239 Superior Lane;49;158;347058;8 Fair Oaks Street;49;806-329-4297;49
130;Carree;Suckling;F;1363;Wantou;14/05/2009;Niger;11/03/2012;csuckling3l@com.com;p9ohp3R;23 Arrowood Plaza;50;159;347059;4 Tony Circle;50;858-869-7073;50
131;Cindelyn;Mulvin;F;1364;Philadelphia;30/07/1964;Thailand;26/05/1984;cmulvin3m@who.int;L9s4BJ6Va;3994 Haas Road;87;87;347060;432 Stone Corner Street;51;215-169-7086;87
132;Novelia;Tebbe;F;1365;Kazaure;13/03/2006;Israel;26/04/1988;ntebbe3n@miibeian.gov.cn;m6wFPpVtXt7o;76956 Carioca Trail;88;88;347061;22 Kenwood Park;52;550-846-2228;88
133;Alyse;Ferns;F;1366;Guariba;5/06/1999;Mongolia;5/08/1966;aferns3o@msu.edu;fr1jMFQHyT4;586 Monument Place;89;89;347062;13 Raven Plaza;53;107-675-8151;89
134;Jolynn;Gerred;F;1367;Hamburg;20/11/1975;Palestinian;12/09/1988;jgerred3p@theglobeandmail.com;wFbTQCD;7288 Moland Street;90;90;347063;8190 Kropf Court;54;504-906-6833;90
135;Justis;Fatharly;M;1368;Orange Walk;25/11/2016;Peru;30/11/2008;jfatharly3q@ehow.com;pCQFGidpR;081 Grasskamp Crossing;91;91;347064;22014 Westport Plaza;55;127-348-7386;91
136;Jerry;Jope;M;1369;Mitrópoli;11/08/1985;New Caledonia;6/08/2015;jjope3r@wufoo.com;Ej38cBLj6;209 Huxley Park;92;92;347065;25 Lawn Hill;56;309-698-7638;92
137;Helge;Dadds;F;1370;Nishinoomote;7/10/1991;Afghanistan;28/01/1969;hdadds3s@unesco.org;SLTwlWasSd4;4 Jenna Center;93;93;347066;679 Anthes Avenue;57;309-236-0578;93
138;Scotty;Ashford;M;1371;Ipoh;30/07/2006;Estonia;10/08/2007;sashford3t@wikispaces.com;j0Y30cTy8;7764 Gina Parkway;101;101;347067;582 Riverside Park;58;539-970-1886;101
139;Kippy;Tyrrell;F;1372;Atsugi;24/08/1981;Norway;6/12/1990;ktyrrell3u@sun.com;hhCEtMPB3Ar;53 Dottie Junction;102;102;347068;63 Buena Vista Pass;59;248-628-6725;102
140;Antony;Dinesen;M;1373;Yanghu;9/11/1997;Reunion;11/02/1965;adinesen3v@independent.co.uk;On6X0XRjNqSQ;8402 Sommers Circle;103;103;347069;802 Del Mar Circle;60;791-222-6021;103
141;Chen;Cattroll;M;1374;Sumurwaru;2/04/2011;Chile;20/07/1964;ccattroll3w@pen.io;NCw01dnZ;30 Claremont Terrace;104;104;347070;11 Meadow Ridge Avenue;61;299-201-6051;104
142;Janessa;Greensides;F;1375;Turus;4/12/1995;Lithuania;23/03/2001;jgreensides3x@merriam-webster.com;V7ire8V;10476 Eastwood Circle;105;105;347071;609 Kingsford Plaza;62;372-773-9847;105
143;Elwin;Mc Caghan;M;1376;Shirone;31/10/1971;Serbia;23/11/1965;emccaghan3y@go.com;xKDL8VHFBV;46272 Hooker Drive;106;106;347072;2 Forster Plaza;63;247-686-2821;106
144;Flossy;Hawford;F;1377;Ifanadiana;15/09/2013;Nepal;11/09/1969;fhawford3z@scribd.com;1R1wsu57p;96381 Mariners Cove Way;107;107;347073;74994 Glacier Hill Point;64;243-940-2304;107
145;Chan;Cawley;M;1378;Yangwei;3/08/1974;Faroe Islands;26/07/1996;ccawley40@tuttocitta.it;cDQSc0;875 North Center;108;108;347074;125 Springview Road;65;551-965-5183;108
146;Kellina;Sposito;F;1379;Dahe;13/12/2013;Honduras;10/03/1991;ksposito41@tinyurl.com;Zb4UDd101Wp;2 Nancy Way;109;109;347075;3700 Cambridge Court;66;976-751-5835;109
147;Rivy;Housden;F;1380;Xinxing;20/01/1987;Pakistan;21/01/1961;rhousden42@amazon.co.jp;qk94EnP;5960 Mayer Road;110;110;347076;44323 Jana Center;67;380-665-4666;110
148;Enrichetta;Blacker;F;1381;Fucha;28/01/1967;Kyrgyzstan;21/03/1991;eblacker43@is.gd;xuttPVu;91551 Annamark Pass;68;177;347077;96128 Loomis Alley;68;660-262-9673;68
149;Zebedee;Dungate;M;1382;Chahannao;4/06/1985;Australia;7/09/1998;zdungate44@woothemes.com;g4pPHhSTl;7 Sachs Junction;69;426;347078;612 Moose Avenue;69;449-355-2100;69
150;Si;Gyse;M;1383;Stavanger;21/09/2007;Uzbekistan;27/09/1963;sgyse45@vkontakte.ru;7bkbXwggH;7 Melody Lane;70;427;347079;891 Eastlawn Pass;70;755-737-1767;70
151;Elene;Tixall;F;1384;Las Flores;12/02/1996;United Arab Emirates;21/12/1980;etixall46@japanpost.jp;J3NlxKo;6903 Lotheville Junction;71;428;347080;66 Morningstar Street;71;351-737-5235;71
152;Anya;MacElharge;F;1385;Kasaoka;17/04/2002;Bosnia and Herzegovina;21/02/2004;amacelharge47@artisteer.com;bcd4LUr6fSUP;8 Anderson Avenue;72;429;347081;9927 Northview Crossing;72;467-700-6676;72
153;Stanwood;Gauld;M;1386;Paderne;15/11/2014;Yemen;12/12/1981;sgauld48@youtube.com;hdCAP3df;5937 7th Trail;73;430;347082;2560 Pearson Pass;73;846-554-0261;73
154;Hollyanne;Suston;F;1387;Arzakan;8/03/2011;Tanzania;23/10/2011;hsuston49@blogtalkradio.com;BQHItyld;67 Pond Way;94;94;347083;4817 Straubel Way;74;920-377-0836;94
155;Paulo;Sefton;M;1388;Goma;17/03/1977;Morocco;3/03/2016;psefton4a@bluehost.com;F9pCKVmZUu;904 Oxford Terrace;95;95;347084;82 Mayer Junction;75;289-379-6099;95
156;Prent;Shawl;M;1389;Dashu;18/11/1964;Azerbaijan;1/06/2011;pshawl4b@auda.org.au;jmfHFOp;38 Mallard Street;96;96;347085;5430 Grasskamp Point;76;686-641-0490;96
157;Frederica;Cloughton;F;1390;Uyutne;23/08/1976;Zambia;2/06/2014;fcloughton4c@accuweather.com;4yOStI;126 Pankratz Way;97;97;347086;2 Burrows Terrace;77;892-956-5662;97
158;Emmye;Adamoli;F;1391;Xihe;16/03/2008;Ivory Coast;9/02/1988;eadamoli4d@artisteer.com;WFi4ujfLg05;31375 Dawn Lane;98;98;347087;3 Towne Road;78;498-789-5924;98
159;Olin;Poveleye;M;1392;Avelinha;1/01/2000;Sri Lanka;17/07/1996;opoveleye4e@usnews.com;m5FPuPT;716 Golf Course Terrace;99;99;347088;985 Jackson Place;79;917-953-7021;99
160;Jard;Navaro;M;1393;Milín;18/03/2003;Tajikistan;3/07/1982;jnavaro4f@dropbox.com;rxN4SN;4871 Vahlen Hill;100;;347089;65 Londonderry Road;80;484-860-7843;100
161;Hortensia;Sloss;F;1394;Montes;17/12/1968;China;3/08/1963;hsloss4g@liveinternet.ru;yPfZr8dS8IF0;79655 Delaware Plaza;1;128;347090;0969 Bashford Point;1;913-784-6661;1
162;Dietrich;Ewence;M;1395;Shahbā;14/12/1996;COLOMBIA;19/07/1970;dewence4h@google.it;0VNk6Y4JMw;489 Clove Junction;84;254;347091;848 David Place;2;702-805-3395;84
163;Lavena;Scahill;F;1396;Daduchuan;31/05/2009;Indonesia;2/02/1978;lscahill4i@nyu.edu;5bxX3F;2273 Shopko Plaza;3;130;347092;8 Village Green Park;3;962-607-3458;3
164;Ansel;Bastick;M;1397;Huipinggeng;5/03/1964;Greece;18/01/2014;abastick4j@mediafire.com;SQL6VGxTbmF;0234 Lake View Parkway;4;131;347093;5431 Eastlawn Circle;4;909-581-2556;4
165;Dehlia;Yaneev;F;1398;Panyindangan;19/07/1972;Canada;6/12/1974;dyaneev4k@ustream.tv;bETkjKafxurH;417 Kedzie Pass;5;132;347094;6599 Manitowish Avenue;5;762-649-7873;5
166;Karylin;Falcus;F;1399;Dingzigu;2/02/1999;United States;28/05/1999;kfalcus4l@ustream.tv;I0dzfM3ai;91249 Continental Junction;6;133;347095;15611 Maple Wood Hill;6;735-646-0977;6
167;Sapphira;Filippucci;F;1400;Karlobag;22/07/1978;Guatemala;18/01/1984;sfilippucci4m@desdev.cn;wTqXykE;8246 Hazelcrest Center;7;134;347096;4618 Carey Terrace;7;428-472-8673;7
168;Lorrie;Grafton;M;1401;Maykor;2/05/1971;Czech Republic;24/12/1976;lgrafton4n@goodreads.com;4dErA9;91 Dexter Center;8;135;347097;0338 Kedzie Alley;8;587-728-9796;8
169;Clerc;Antonsson;M;1402;San Juan Atitán;13/09/2016;Portugal;18/01/1994;cantonsson4o@ifeng.com;btIIOSbYxRxJ;5041 Monument Crossing;9;136;347098;3 Johnson Circle;9;700-883-9092;9
170;Henka;Glaister;F;1403;General Alvear;24/07/1987;South Africa;20/03/1966;hglaister4p@vk.com;hHywKWnl;5 Ridgeway Alley;10;137;347099;6 Schmedeman Terrace;10;668-191-2284;10
171;Zachariah;Edmand;M;1404;Wichita;25/04/2003;Brazil;18/05/1966;zedmand4q@cocolog-nifty.com;1MMIRFd;99 Roxbury Hill;11;221;347100;15 Kropf Point;11;316-144-3879;11
172;Sullivan;Lord;M;1405;Liloy;25/05/1980;Albania;27/09/1993;slord4r@blogspot.com;777Jjsqo;2929 Prentice Park;12;222;347101;007 Utah Lane;12;416-592-4654;12
173;Tish;Rigden;F;1406;Bistrica ob Sotli;6/03/2013;Russia;6/12/1974;trigden4s@apple.com;U2l2Lv;1 Loftsgordon Park;13;223;347102;6 Columbus Center;13;395-494-5890;13
174;Hart;Vispo;M;1407;Krajan Siki;1/04/2001;Somalia;20/05/1989;hvispo4t@google.com.au;mfHm47GXT7cK;522 Service Center;14;224;347103;7 Eastlawn Parkway;14;397-119-8754;14
175;Zara;Morant;F;1408;Jeponkrajan;28/08/1975;Iran;15/12/1997;zmorant4u@fda.gov;OM4zJhk;01 Tomscot Terrace;15;252;347104;20544 Northland Pass;15;422-717-8136;15
176;Melvyn;Bosch;M;1409;Shar;1/09/1974;Japan;11/07/1973;mbosch4v@paypal.com;q38VvBJR;8022 Farwell Terrace;16;269;347105;65 North Drive;16;954-539-6480;16
177;Lebbie;Blowfelde;F;1410;Thị Trấn Sìn Hồ;8/05/1986;Mexico;25/06/1990;lblowfelde4w@npr.org;J1jfp2MV4Aw;89342 Hollow Ridge Drive;17;270;347106;824 Spenser Court;17;318-977-5823;17
178;Mischa;McMoyer;M;1411;Manhan;19/08/1995;Belarus;1/02/1993;mmcmoyer4x@psu.edu;2ofn4oTdVF3;15500 Kenwood Alley;18;271;347107;82972 Lake View Circle;18;921-882-2355;18
179;Mata;Huggin;M;1412;København;27/07/2015;Ukraine;30/01/1961;mhuggin4y@google.com.br;o21wCPn;2 Independence Drive;19;272;347108;84717 Shoshone Junction;19;744-163-5630;19
180;Tedman;Drowsfield;M;1413;Mokopane;20/05/1991;Ethiopia;18/09/1987;tdrowsfield4z@howstuffworks.com;e5ktmrRdLFos;48237 Derek Drive;20;273;347109;90 Trailsway Crossing;20;634-328-3840;20
181;Markos;di Rocca;M;1414;Mafeng;2/12/1987;Malaysia;15/05/1961;mdirocca50@tripadvisor.com;8FEy8BatV;67 Hayes Junction;21;274;347110;9729 Mandrake Point;21;181-651-6805;21
182;Anita;Snellman;F;1415;Hedong;28/08/1963;Cameroon;6/02/1980;asnellman51@4shared.com;Z8fsMyY2;9 Logan Pass;22;275;347111;27 Hudson Hill;22;597-871-4973;22
183;Shepard;Denmead;M;1416;Bhalwāl;3/02/2004;Sweden;9/05/2004;sdenmead52@digg.com;pKHn9Shnyux;39 Gulseth Park;23;276;347112;108 Pine View Hill;23;155-276-8158;23
184;Isabelle;McCurley;F;1417;Vila do Bispo;7/12/1991;France;5/02/1977;imccurley53@scribd.com;ikHioqoBIw3;17 Fulton Plaza;24;277;347113;6414 Hovde Place;24;590-751-1953;24
185;Chloe;Wrigley;F;1418;Guadalupe;15/10/1979;Slovenia;2/05/1961;cwrigley54@dot.gov;Mi5HAfCNPX;8515 Sutherland Road;25;278;347114;92963 Vermont Lane;25;826-361-1314;25
186;Audi;Scarce;F;1419;Caldono;5/08/1986;Poland;7/01/2003;ascarce55@tinypic.com;DF2G4A6P;16 David Junction;26;279;347115;1 Loeprich Trail;26;572-891-9363;26
187;Trey;Fontin;M;1420;Bako;16/02/1995;Syria;23/01/2008;tfontin56@instagram.com;PPMFyzi;0864 Village Terrace;27;280;347116;469 Kim Lane;27;749-867-3637;27
188;Woodrow;Ebdon;M;1421;Kendalngupuk;9/04/1986;Madagascar;16/08/1990;webdon57@paginegialle.it;AzuurK6eZ00;02 Quincy Hill;28;319;347117;3 Continental Hill;28;588-695-7056;28
189;Kakalina;Proffitt;F;1422;Buyunshan;23/08/1969;Netherlands;3/09/2015;kproffitt58@google.co.uk;GRSEpDg;399 Sachtjen Center;29;320;347118;88970 Monica Pass;29;820-653-4696;29
190;Talyah;Farrey;F;1423;Stryszów;14/10/1976;Uganda;15/12/1999;tfarrey59@bloglovin.com;74L27iKkSYGn;718 Raven Terrace;30;321;347119;00084 Utah Road;30;518-747-7025;30
191;Johnnie;Kohrt;M;1424;Daxindian;27/09/1977;Trinidad and Tobago;16/10/2001;jkohrt5a@shareasale.com;dYpyg0rDj;077 David Alley;31;322;347120;32 Pond Street;31;444-780-2598;31
192;Temple;Grunwall;M;1425;That Phanom;17/10/1960;Panama;13/11/1974;tgrunwall5b@edublogs.org;iYq3wGQDmsu;340 Schlimgen Avenue;32;323;347121;95 Morningstar Pass;32;611-123-6502;32
193;Merrick;Denkin;M;1426;Kemiri;25/08/1974;Luxembourg;11/11/2015;mdenkin5c@scribd.com;W7GR3Ym;18 Roxbury Pass;33;286;347122;267 Di Loreto Alley;33;325-848-1376;33
194;Fanchon;Kennifick;F;1427;Biskamzha;2/07/2000;Sierra Leone;25/09/1993;fkennifick5d@hp.com;pRmXuvT1;211 Declaration Trail;34;287;347123;9182 Heath Court;34;672-271-3719;34
195;Celka;Papaminas;F;1428;Le Mans;29/10/2005;Croatia;26/09/2003;cpapaminas5e@ycombinator.com;0MD81O;30432 Novick Street;35;288;347124;24858 Bayside Alley;35;645-232-1764;35
196;Kerr;Thing;M;1429;Zabrze;8/11/1961;Egypt;11/08/1979;kthing5f@sbwire.com;2mqvPDM;3 Vidon Way;36;289;347125;1162 Orin Plaza;36;457-797-6851;36
197;Cary;Bellard;F;1430;Duhu;8/03/2017;Spain;25/11/1969;cbellard5g@google.ca;QHJbiOw5T;86028 Northfield Crossing;37;290;347126;18553 Daystar Point;37;714-251-7068;37
198;Lyndel;Dumsday;F;1431;Ino;14/11/1974;Ghana;17/11/1962;ldumsday5h@howstuffworks.com;3gxC9AmimMK;5654 Merrick Street;38;291;347127;6 Twin Pines Hill;38;160-307-4264;38
199;Katharyn;Stower;F;1432;Salitrillos;24/08/1973;Vietnam;25/02/1966;kstower5i@spotify.com;sMGNYw4;3 Del Mar Circle;39;292;347128;9 Kipling Place;39;220-236-9922;39
200;Melonie;Cosslett;F;1433;Jurangjero;5/06/2004;Myanmar;24/09/1971;mcosslett5j@etsy.com;pALq9u3GB47H;4145 Di Loreto Trail;40;293;347129;0 Carey Parkway;40;605-311-5206;40
201;Alvy;Bayman;M;1434;Serravalle;16/12/2014;Saudi Arabia;5/02/2005;abayman5k@adobe.com;Yfg46yN5za;847 Maple Wood Crossing;41;294;347130;71 Vermont Hill;41;963-343-2413;41
202;Nathanael;Pauli;M;1435;Wang Sai Phun;14/03/1974;Argentina;8/06/2005;npauli5l@jalbum.net;9fwSnX;0 Judy Way;42;295;347131;0824 Ramsey Alley;42;875-554-3079;42
203;Joanie;Weddeburn - Scrimgeour;F;1436;Baranoa;25/09/1970;Latvia;2/03/1986;jweddeburnscrimgeour5m@unesco.org;tV4fL9;22 Columbus Lane;43;296;347132;94 Mandrake Road;43;267-809-2124;43
204;Nigel;Dyball;M;1437;Bantarpanjang;8/07/1965;Finland;21/04/1988;ndyball5n@mtv.com;x7slP8hBTQ;25237 Starling Terrace;44;297;347133;706 Mallory Way;44;746-211-8859;44
205;Hedvige;Rex;F;1438;Prochowice;19/02/2013;Kazakhstan;9/07/1987;hrex5o@1und1.de;323Eww;42422 Marquette Court;45;298;347134;881 Pawling Avenue;45;919-295-3830;45
206;Laurie;Brennans;M;1439;Vihāri;27/09/1981;Ireland;27/07/2002;lbrennans5p@answers.com;pyjHYw;7 Michigan Circle;46;403;347135;2 Kedzie Way;46;453-454-2584;46
207;Elyssa;Vannozzii;F;1440;Kadubadak;19/09/2004;Nigeria;29/02/1996;evannozzii5q@boston.com;6IpE1vMNcjem;2269 Warner Alley;47;404;347136;29 Londonderry Court;47;214-277-9272;47
208;Gracie;Ridewood;F;1441;Tvarožná;15/07/1995;Cuba;13/01/1988;gridewood5r@topsy.com;5QToVbHa;405 Florence Drive;48;405;347137;64450 Carioca Plaza;48;171-509-6025;48
209;Erda;Bole;F;1442;Corupá;30/03/2002;Kuwait;24/11/1986;ebole5s@arizona.edu;dHSu1Rgto;49151 Mccormick Avenue;49;406;347138;0765 Shasta Plaza;49;429-184-8196;49
210;Nealy;Enric;M;1443;Châlons-en-Champagne;13/08/1977;Niger;22/03/2013;nenric5t@usnews.com;P19YZM;3 Bashford Junction;50;407;347139;09874 Bunting Lane;50;460-842-5865;50
211;Maurits;Gertray;M;1444;Horta;23/08/2010;Thailand;11/12/1985;mgertray5u@dot.gov;7sfMZH;03 Forster Point;111;111;347140;7 Veith Alley;51;873-187-2397;111
212;Kerrin;Claxton;F;1445;Paris 08;14/11/1968;Israel;30/10/1964;kclaxton5v@dedecms.com;4qZcbJPKsMSc;8638 Loeprich Place;112;112;347141;4991 Buhler Pass;52;737-354-1018;112
213;Sherie;Swaden;F;1446;Valvedditturai;14/11/2001;Mongolia;8/12/1966;sswaden5w@who.int;gq9PclVopK;9 Hintze Circle;113;113;347142;0493 Glendale Crossing;53;222-914-9060;113
214;Burnard;Braffington;M;1447;Gexi;25/10/1967;Palestinian;4/09/1965;bbraffington5x@weibo.com;DHUodgKQzAM;860 Burrows Road;114;114;347143;910 Roth Hill;54;685-809-9777;114
215;Syman;Barnewall;M;1448;Färgelanda;21/08/2011;Peru;4/02/2016;sbarnewall5y@instagram.com;n5X9Xg;0879 Talisman Avenue;115;115;347144;24 Acker Pass;55;776-137-7017;115
216;Germaine;Honatsch;M;1449;Smiltene;26/09/1995;New Caledonia;29/11/1962;ghonatsch5z@theatlantic.com;Q5EFKzIE;8 Cherokee Plaza;116;116;347145;4392 Crest Line Plaza;56;618-176-1124;116
217;Alwin;Lindermann;M;1450;Klana;19/10/2012;Afghanistan;5/10/1988;alindermann60@sphinn.com;vvwiQP;78148 Buhler Road;117;117;347146;6 Hoffman Circle;57;419-916-4227;117
218;Andris;Wittman;M;1451;Watublapi;25/11/1988;Estonia;19/10/1963;awittman61@ask.com;0GgIAf;2 Blackbird Center;58;167;347147;8 Butternut Terrace;58;582-197-6984;58
219;Pebrook;McGiffie;M;1452;New York City;10/07/1965;Norway;23/05/2005;pmcgiffie62@apple.com;VABrsn6f;86237 Loftsgordon Center;59;168;347148;55 Butternut Plaza;59;212-515-8785;59
220;Hendrick;Kuscha;M;1453;Bremerhaven;19/12/2002;Reunion;28/08/2016;hkuscha63@mashable.com;jAL5NYZNV;18 Service Lane;60;169;347149;776 Glendale Center;60;262-454-2218;60
221;Diandra;Ellerbeck;F;1454;Ponta Grossa;19/08/2002;Chile;1/08/1992;dellerbeck64@tmall.com;LtRHjh7Yf9;5 Thackeray Road;61;170;347150;3 Hoepker Terrace;61;629-652-3104;61
222;Bayard;De Beneditti;M;1455;Bun Barat;4/07/1975;Lithuania;12/04/1986;bdebeneditti65@youtube.com;4oDpBJo;2874 Hovde Road;62;171;347151;1589 Cottonwood Drive;62;423-260-6177;62
223;Herb;Bunch;M;1456;Qingzhou;3/01/1975;Serbia;14/12/2016;hbunch66@feedburner.com;L4glOsK75;327 Logan Trail;63;172;347152;77 Melody Center;63;642-265-3360;63
224;Urbanus;Sabathe;M;1457;Tangxi;13/10/1996;Nepal;3/08/1995;usabathe67@washingtonpost.com;FcsHIJWzSA;3 Old Shore Crossing;64;173;347153;1859 Linden Way;64;798-638-3667;64
225;Dukey;Sturm;M;1458;Abang;4/03/1987;Faroe Islands;13/11/2007;dsturm68@cyberchimps.com;bSqvRlJYd;5704 Tony Center;65;174;347154;0 Cody Trail;65;648-381-7343;65
226;Tedmund;Normavill;M;1459;Loreto;14/05/1976;Honduras;9/08/1962;tnormavill69@homestead.com;yve1JH;31 Arapahoe Pass;66;175;347155;5 Loomis Parkway;66;387-841-8196;66
227;Roxi;Village;F;1460;Muang Long;2/05/1973;Pakistan;29/01/1971;rvillage6a@china.com.cn;tsCy42u;7 Mariners Cove Park;67;176;347156;64252 Hansons Way;67;832-890-8139;67
228;Tracey;Ivanyutin;F;1461;Jiangwakou;5/05/2002;Kyrgyzstan;16/09/2000;tivanyutin6b@latimes.com;zpDs76lrldfm;4884 Porter Parkway;68;68;347157;31 Hermina Circle;68;674-786-0503;68
229;Brenn;Keen;F;1462;Dīla;24/08/1989;Australia;18/02/2004;bkeen6c@xing.com;eqziTt5p9xDd;52908 Larry Plaza;69;69;347158;238 Hoard Road;69;710-176-0520;69
230;Renate;Handes;F;1463;Jaga;16/04/2010;Uzbekistan;7/04/1984;rhandes6d@ftc.gov;0HPfyRm1w;72 Barnett Parkway;70;70;347159;5619 Huxley Lane;70;413-674-9050;70
231;Cesya;Marioneau;F;1464;Gaopu;24/06/1989;United Arab Emirates;22/05/1984;cmarioneau6e@auda.org.au;3fH4PM7n;8965 Longview Junction;71;71;347160;057 Kennedy Junction;71;354-317-1838;71
232;Rosanna;Lishmund;F;1465;Longsheng;20/07/2013;Bosnia and Herzegovina;12/10/2017;rlishmund6f@google.it;bNp7IgIb08c;410 Everett Hill;72;72;347161;88 Kropf Trail;72;217-573-0021;72
233;Kalvin;Snibson;M;1466;Kamaris;26/12/2010;Yemen;15/08/1962;ksnibson6g@fastcompany.com;xaBsOHx1Gm;59 Brickson Park Crossing;73;73;347162;62572 Sommers Hill;73;330-678-0623;73
234;Lanie;Dibley;M;1467;Santa Teresa;27/06/1974;Tanzania;27/07/2008;ldibley6h@reference.com;8v04uMSCsEd;28 Lien Point;74;185;347163;75 Schurz Circle;74;425-214-7312;74
235;Cross;Dwelley;M;1468;Pavlovsk;27/09/1985;Morocco;17/04/1994;cdwelley6i@cafepress.com;DVx2Mr8dfqM;7671 Maple Terrace;75;186;347164;73559 Coleman Park;75;934-689-5846;75
236;Grier;Latimer;F;1469;Fernandópolis;29/09/1994;Azerbaijan;7/11/1997;glatimer6j@purevolume.com;TQlpjw6oiIkm;48 Florence Way;76;187;347165;99551 Summer Ridge Court;76;362-187-0690;76
237;Keir;Burnyeat;M;1470;Lazaro Cardenas;12/09/1968;Zambia;8/12/1996;kburnyeat6k@google.fr;jpblMU;1598 Service Point;77;188;347166;0 Sherman Street;77;677-716-9024;77
238;Rebecka;Wickersham;F;1471;Carhuamayo;30/09/1994;Ivory Coast;14/12/1966;rwickersham6l@360.cn;XhyOt3;2 Waxwing Street;78;189;347167;8531 Briar Crest Trail;78;390-409-3759;78
239;Augustus;Chelley;M;1472;Tours;24/08/1993;Sri Lanka;13/12/2011;achelley6m@bing.com;6rwG3l;62 Menomonie Lane;79;190;347168;05 Stephen Plaza;79;981-776-8155;79
240;Evered;Leband;M;1473;Knysna;13/04/1993;Tajikistan;29/10/1988;eleband6n@barnesandnoble.com;dJYhM6r;34823 Farwell Plaza;80;;347169;2 Welch Point;80;256-489-9244;80
241;Henryetta;Parken;F;1474;Ujmisht;6/01/2012;China;6/04/2002;hparken6o@wp.com;M3yB6gt7;1572 Glacier Hill Avenue;118;209;347170;01 Mockingbird Crossing;1;932-841-2334;118
242;Wayne;Habbershon;M;1475;Lyubashivka;20/07/2016;COLOMBIA;19/05/1976;whabbershon6p@newyorker.com;isnDwJo4Ne;38579 Continental Alley;85;210;347171;3628 Mandrake Pass;2;359-644-1911;85
243;Evelyn;Diamant;M;1476;San Fernando;16/12/1989;Indonesia;12/10/2015;ediamant6q@clickbank.net;ncozOmFDBGHJ;3 Del Mar Hill;120;211;347172;92 Fordem Street;3;654-980-2967;120
244;Yves;Franses;M;1477;Al Miqdādīyah;23/09/1982;Greece;6/04/1965;yfranses6r@mayoclinic.com;yiGvyO83BDF;61 Manitowish Junction;121;212;347173;37061 Melody Center;4;831-251-8737;121
245;Kathe;Alwen;F;1478;Gaoxu;22/02/1980;Canada;20/02/1981;kalwen6s@bing.com;o9gFIxt;544 Eggendart Road;122;242;347174;9965 Bonner Crossing;5;685-985-0918;122
246;Foster;Pally;M;1479;Sumberbatas;11/05/2011;United States;1/11/1994;fpally6t@usnews.com;paubRbTtcv;1 Armistice Terrace;123;214;347175;2997 Commercial Court;6;605-579-7123;123
247;Tuesday;Kingescot;F;1480;Kalapanunggal;22/02/1987;Guatemala;7/10/1978;tkingescot6u@baidu.com;c7TOF2Al;0297 Grayhawk Crossing;124;215;347176;53 Arrowood Avenue;7;260-233-9957;124
248;Cos;Clere;M;1481;Abreus;28/07/1978;Czech Republic;6/10/2002;cclere6v@dagondesign.com;zi7skZ6VX7C;5417 Oak Place;125;216;347177;969 Oriole Road;8;212-738-3960;125
249;Nicoline;Osburn;F;1482;Novoanninskiy;9/11/1990;Portugal;13/05/1961;nosburn6w@wiley.com;ebR3g7;2 Fallview Point;126;217;347178;2196 Logan Parkway;9;418-321-1521;126
250;Cicely;Ahlin;F;1483;Kasamwa;14/09/1970;South Africa;2/05/2000;cahlin6x@ehow.com;3t8O5Ra1c8;73 Bashford Parkway;127;218;347179;1 Messerschmidt Road;10;775-869-0870;127
251;Emerson;Russilll;M;1484;Šestajovice;11/04/1982;Brazil;18/10/1974;erussilll6y@ebay.com;r2Q0Zv2CEU;511 Maple Wood Place;11;248;347180;5 Sunnyside Circle;11;250-871-7094;11
252;Ingunna;Weare;F;1485;Boucinhas;14/11/1978;Albania;14/07/2016;iweare6z@networkadvertising.org;FKFiUP;8 Onsgard Court;12;249;347181;5063 Monument Center;12;111-960-5674;12
253;Marlin;Shrimpton;M;1486;Zebrzydowice;4/10/1973;Russia;28/06/1995;mshrimpton70@marriott.com;XcWvoDfak;3 Mitchell Court;13;250;347182;179 Sutteridge Trail;13;462-307-8328;13
254;Audre;Bunkle;F;1487;Sarov;3/04/1965;Somalia;3/02/2009;abunkle71@photobucket.com;jF4KMnFk;9 Oxford Junction;14;251;347183;307 Park Meadow Plaza;14;722-718-5138;14
255;Lynna;Keyho;F;1488;Dongshan;11/12/1964;Iran;5/09/2006;lkeyho72@pbs.org;VEtj5MNzDJ;1247 Carey Road;15;268;347184;57 Brown Park;15;233-637-9739;15
256;Ophelie;Thomasson;F;1489;Lapai;6/11/1971;Japan;17/12/1973;othomasson73@google.es;bS6SKHq3;230 Montana Circle;16;307;347185;969 Hagan Terrace;16;377-485-4832;16
257;Gavra;Bellany;F;1490;Koppies;2/06/2001;Mexico;14/05/1966;gbellany74@devhub.com;6MqX59;859 Delladonna Road;17;308;347186;9425 1st Road;17;818-133-1219;17
258;Brittney;Rubinov;F;1491;Roma;14/02/1976;Belarus;26/10/1968;brubinov75@hexun.com;dda6QXFLv;3937 Briar Crest Center;18;309;347187;3 Arizona Parkway;18;702-649-5978;18
259;Elmore;Parchment;M;1492;Lady Frere;14/04/2003;Ukraine;9/10/1990;eparchment76@amazon.co.uk;EITt75jIr;321 Milwaukee Court;19;310;347188;29 Stephen Plaza;19;997-186-3398;19
260;Selby;Elstub;M;1493;Mendeleyevsk;3/01/1971;Ethiopia;20/12/1979;selstub77@networkadvertising.org;nMHuimxIU;74262 Village Green Point;20;311;347189;23 Old Shore Junction;20;723-555-6993;20
261;Noellyn;Antoshin;F;1494;Banyuurip;4/04/1996;Malaysia;11/05/1997;nantoshin78@pagesperso-orange.fr;SrTDNqd;89 Novick Court;21;312;347190;44009 Almo Place;21;650-613-8172;21
262;Hugo;Kirtlan;M;1495;Fairbanks;11/09/1966;Cameroon;19/11/2013;hkirtlan79@cyberchimps.com;sMilSh2ZDJ;992 Buell Hill;22;313;347191;811 Crest Line Circle;22;907-471-6364;22
263;Reginauld;Valentin;M;1496;Võhma;29/04/1983;Sweden;17/04/1990;rvalentin7a@behance.net;rfqpM9EjhD;54944 Declaration Pass;23;299;347192;6 4th Alley;23;833-301-8794;23
264;Rolph;Crossby;M;1497;Redon;2/05/1986;France;10/04/2010;rcrossby7b@statcounter.com;8zywjO;62 Pine View Parkway;24;300;347193;159 Dovetail Circle;24;961-852-6709;24
265;Damian;Scrimshaw;M;1498;Napenay;4/08/2003;Slovenia;20/11/2001;dscrimshaw7c@paypal.com;6rrUyY;411 Truax Avenue;25;316;347194;880 Red Cloud Point;25;582-410-1070;25
266;Truda;Duffitt;F;1499;Cigenca;11/10/1990;Poland;21/05/1966;tduffitt7d@irs.gov;xneZhNJ;90506 Green Ridge Terrace;26;317;347195;25 Ilene Alley;26;355-121-5086;26
267;Hervey;Reisk;M;1500;Shishan;15/01/1961;Syria;3/06/1961;hreisk7e@marriott.com;xIzILPWS46;03969 Ryan Avenue;27;318;347196;655 5th Park;27;214-687-6103;27
268;Milli;Glenister;F;1501;Ugep;28/02/1965;Madagascar;18/01/2014;mglenister7f@businesswire.com;LVrTgvUD;849 Browning Parkway;28;385;347197;4559 La Follette Alley;28;694-808-4617;28
269;Jeanelle;Ion;F;1502;Tiyuguan;3/10/1967;Netherlands;18/09/2011;jion7g@google.de;7w9KANX;6 Montana Crossing;29;386;347198;17361 Dapin Alley;29;234-859-9754;29
270;Lion;Winney;M;1503;Ankazoabo;8/05/1999;Uganda;15/05/1999;lwinney7h@netlog.com;nSDrdyY1H;03788 Westerfield Alley;30;387;347199;48858 Sullivan Way;30;451-285-6566;30
271;Antonetta;Hills;F;1504;Dongdu;5/08/1971;Trinidad and Tobago;8/04/1981;ahills7i@usatoday.com;51XAEIsae;4 Sachs Court;31;388;347200;00 Sheridan Way;31;338-335-6856;31
272;Roderigo;Rodriguez;M;1505;Tsaghveri;17/09/2006;Panama;4/10/2012;rrodriguez7j@businesswire.com;cAJwrVlxY8YT;82 Moose Parkway;32;389;347201;24758 Iowa Point;32;249-591-2092;32
273;Boonie;Muselli;M;1506;Sumberpinang Satu;8/11/1975;Luxembourg;7/08/2004;bmuselli7k@cargocollective.com;gnG61w8ep;76916 Pawling Circle;33;324;347202;80 Golf View Drive;33;569-235-6892;33
274;Claiborne;Markel;M;1507;Faīẕābād;18/01/2006;Sierra Leone;31/07/1972;cmarkel7l@woothemes.com;JsSLcTY;017 Sauthoff Plaza;34;325;347203;3173 Coolidge Road;34;871-314-9130;34
275;Peri;Skechley;F;1508;Rendui;26/11/1994;Croatia;22/06/1976;pskechley7m@xrea.com;56EqSFo3g;6616 Vahlen Avenue;35;326;347204;92 Amoth Way;35;862-736-6696;35
276;Jessamyn;Lodemann;F;1509;Gaojialing;10/05/1999;Egypt;10/09/1996;jlodemann7n@archive.org;QuftclX7Do;46 Bobwhite Alley;36;327;347205;78022 Bellgrove Street;36;690-737-8535;36
277;Margarethe;Tomenson;F;1510;Battle Creek;29/07/1977;Spain;12/01/1968;mtomenson7o@ocn.ne.jp;uAxYbZE;6 7th Junction;37;328;347206;97023 Laurel Park;37;269-234-4882;37
278;Roanne;Flement;F;1511;Ţawr al Bāḩah;4/04/1962;Ghana;9/08/1983;rflement7p@slate.com;4FW9MUzSg;87 Harbort Hill;38;329;347207;41279 Saint Paul Parkway;38;998-729-2661;38
279;Rowan;Blakelock;M;1512;Karangampel;20/09/2007;Vietnam;30/07/1994;rblakelock7q@naver.com;5rqfEV;87444 Alpine Court;39;330;347208;6242 Stang Alley;39;648-884-9331;39
280;Anastassia;Vallery;F;1513;Tennō;11/01/1976;Myanmar;22/03/2000;avallery7r@sogou.com;SAz0dM8Fveb;08757 Mallory Avenue;40;331;347209;0 Scoville Center;40;716-875-1889;40
281;Leland;Airy;F;1514;Prengtale;27/06/1998;Saudi Arabia;22/10/1985;lairy7s@canalblog.com;yG6qbKaA3Y;08696 Carpenter Parkway;41;332;347210;44831 Iowa Alley;41;933-559-9693;41
282;Godfry;Maneylaws;M;1515;Wañgan;12/06/1961;Argentina;1/10/1963;gmaneylaws7t@miitbeian.gov.cn;Fy6mEkeFzM7;0916 Clyde Gallagher Lane;42;333;347211;628 Cody Plaza;42;662-259-4798;42
283;Ula;Billie;F;1516;El Mirador;30/08/2009;Latvia;5/05/2005;ubillie7u@noaa.gov;PKEc9Gs;86 Oneill Road;43;334;347212;00460 Fordem Avenue;43;828-242-0969;43
284;Willdon;Carlson;M;1517;Isehara;29/01/1968;Finland;14/02/1998;wcarlson7v@123-reg.co.uk;FxVrcc;21624 Mifflin Court;44;335;347213;2 Grover Park;44;534-292-6207;44
285;Ingaborg;Bouldstridge;F;1518;Jagüey Grande;16/03/1982;Kazakhstan;19/04/1979;ibouldstridge7w@google.fr;OUSpzhTBwb;57657 Bellgrove Pass;45;336;347214;78 Bowman Pass;45;400-184-3998;45
286;Ax;Jeanenet;M;1519;San Onofre;14/07/2006;Ireland;19/12/2009;ajeanenet7x@rakuten.co.jp;S0txyDxhNwy;05 Sycamore Alley;46;46;347215;25 Laurel Drive;46;666-842-4346;46
287;Bobette;Corbishley;F;1520;Yabluniv;27/04/1979;Nigeria;16/02/2011;bcorbishley7y@ebay.com;HWXmpmtE;87101 Comanche Point;47;47;347216;2049 Esch Lane;47;492-733-7002;47
288;Jenny;Lescop;F;1521;Kalasin;5/10/2002;Cuba;24/06/1990;jlescop7z@de.vu;EBvXC3onr;6 Bluejay Plaza;48;48;347217;79126 Russell Center;48;836-213-3598;48
289;Whitney;Rowantree;M;1522;Oliveirinha;24/07/2012;Kuwait;16/05/2011;wrowantree80@wunderground.com;xwmQqrE7gwi;495 Crescent Oaks Way;49;49;347218;414 Prairie Rose Place;49;387-402-7260;49
290;Carmel;Harnett;F;1523;Tucupita;30/05/2011;Niger;18/04/2003;charnett81@e-recht24.de;VJIUtD4bFtW;4 Darwin Park;50;50;347219;1 Bowman Way;50;618-855-2448;50
291;Janean;Matthai;F;1524;Jilib;6/06/1975;Thailand;21/05/1988;jmatthai82@dion.ne.jp;jmveDX;90919 Mendota Center;51;160;347220;4744 Florence Terrace;51;914-590-7813;51
292;Briant;Cours;M;1525;Niemodlin;18/06/1981;Israel;31/07/1966;bcours83@cdc.gov;yw8UmFW;179 Crescent Oaks Pass;52;161;347221;729 Delaware Plaza;52;221-414-6369;52
293;Vernice;Garnsey;F;1526;Dranoc;20/10/1976;Mongolia;28/03/1978;vgarnsey84@bravesites.com;tSciYPf4;7900 Bartillon Road;53;162;347222;27532 Delaware Place;53;260-796-8867;53
294;Blake;Berthel;M;1527;Xinhe;8/04/1969;Palestinian;10/10/1997;bberthel85@eventbrite.com;Mn13K3C;75028 Lake View Hill;54;163;347223;548 Larry Road;54;596-217-9733;54
295;Alexandra;Colebeck;F;1528;Komiža;1/10/2000;Peru;8/08/1997;acolebeck86@privacy.gov.au;akmP0tbf;66 Huxley Lane;55;164;347224;3 Buena Vista Pass;55;533-324-5205;55
296;Neil;Minci;M;1529;Colombes;3/06/2002;New Caledonia;22/08/2017;nminci87@bloomberg.com;Exj2WijOiH70;3725 Forest Dale Alley;56;165;347225;18 Schlimgen Place;56;640-182-1017;56
297;Sheela;Danev;F;1530;Boljoon;15/06/1990;Afghanistan;6/10/1964;sdanev88@marriott.com;3ip1Lb;78406 Lawn Way;57;166;347226;9 Shasta Pass;57;599-557-7907;57
298;Quintana;Stag;F;1531;Leworook;14/06/1962;Estonia;10/10/1999;qstag89@pen.io;2bjnee1;5794 Jackson Pass;101;192;347227;964 Mosinee Road;58;737-622-0242;101
299;Estele;Bonnavant;F;1532;Coris;2/02/2009;Norway;28/09/1989;ebonnavant8a@huffingtonpost.com;lbpqkc9;58 Esch Court;102;193;347228;824 Truax Court;59;413-453-2323;102
300;Hammad;Pyser;M;1533;Podstepki;22/03/1977;Reunion;20/06/2004;hpyser8b@baidu.com;YIsyuot;74824 Bay Lane;103;194;347229;7 Upham Avenue;60;607-853-8669;103
301;Gerald;Bavister;M;1534;Juncheng;14/11/1988;Chile;22/09/1975;gbavister8c@state.gov;76KPUxPqgdil;6 Sundown Park;104;195;347230;80 Mendota Place;61;916-925-3667;104
302;Armand;Yashunin;M;1535;Hudiksvall;30/05/1996;Lithuania;7/03/2002;ayashunin8d@mayoclinic.com;2yXaraO2ql;321 Sullivan Place;105;196;347231;968 Melby Circle;62;792-529-3800;105
303;Shep;Aleksankov;M;1536;Sulitair;17/10/1994;Serbia;28/10/2003;saleksankov8e@twitter.com;606n1AGPVR;87 Walton Place;106;197;347232;942 Mifflin Plaza;63;274-153-3524;106
304;Jayson;Extill;M;1537;Rakaia;20/10/2014;Nepal;2/08/2000;jextill8f@microsoft.com;qaxus8TkN5Np;31481 Nova Court;107;198;347233;6899 Sheridan Point;64;626-408-0547;107
305;Ginnie;Moodie;F;1538;Cẩm Phả;22/11/2004;Faroe Islands;18/02/1973;gmoodie8g@sbwire.com;57UUIEy;2377 Havey Parkway;108;199;347234;57535 Holmberg Junction;65;763-947-3385;108
306;Alyss;Luberti;F;1539;Dobryatino;17/03/1984;Honduras;3/12/1998;aluberti8h@scientificamerican.com;RBbHWPe;09288 Mallard Crossing;109;200;347235;129 Canary Way;66;896-371-3515;109
307;Beverly;Schieferstein;F;1540;Amargosa;3/07/1970;Pakistan;12/06/2003;bschieferstein8i@cnn.com;Qtp2YE868b;4727 Brickson Park Court;110;201;347236;860 Boyd Center;67;487-909-2156;110
308;Jamal;Livsey;M;1541;Oyskhara;30/06/1963;Kyrgyzstan;21/05/1975;jlivsey8j@tmall.com;ftbaNp;92 Sage Alley;68;177;347237;8798 Mockingbird Way;68;264-771-8503;68
309;Sheridan;Reddington;M;1542;Крива Паланка;11/09/1975;Australia;5/10/2016;sreddington8k@cornell.edu;4WyjZ6D;7386 Eagan Alley;69;426;347238;57707 Carioca Court;69;301-642-8386;69
310;Henka;Husthwaite;F;1543;Gourcy;26/07/2009;Uzbekistan;6/11/2006;hhusthwaite8l@photobucket.com;HjHh72ClQ;60629 Westerfield Junction;70;427;347239;70365 Canary Trail;70;824-988-0172;70
311;Alverta;Davidovitz;F;1544;Posse;10/01/2018;United Arab Emirates;6/08/1973;adavidovitz8m@omniture.com;kEyggHgt;8369 Meadow Ridge Alley;71;428;347240;6388 Kinsman Crossing;71;836-129-7398;71
312;Dionne;Philipsohn;F;1545;Kallar Kahār;26/10/1997;Bosnia and Herzegovina;24/07/1968;dphilipsohn8n@forbes.com;eMjI7f;3266 Bluestem Park;72;429;347241;06191 Dawn Hill;72;130-719-0297;72
313;Cecelia;Styant;F;1546;Runović;17/08/2011;Yemen;11/10/1987;cstyant8o@meetup.com;naQ3cn;9011 Melody Terrace;73;430;347242;799 Coolidge Plaza;73;201-100-0917;73
314;Wolf;Pietzke;M;1547;Queimados;17/03/2008;Tanzania;27/06/1975;wpietzke8p@sciencedirect.com;sCZhajA;82204 Bowman Center;94;431;347243;19 Westridge Crossing;74;432-599-4089;94
315;Jarib;Idenden;M;1548;Rokitno Szlacheckie;19/04/2002;Morocco;16/07/1964;jidenden8q@cnet.com;TDr2IgIhCcil;74408 Hanover Pass;95;432;347244;57755 Melrose Junction;75;533-578-9665;95
316;Brinn;Dacombe;F;1549;Ufa;3/05/1987;Azerbaijan;29/09/1961;bdacombe8r@nytimes.com;UXJLahMOQMvB;80 Crowley Park;96;433;347245;652 Duke Street;76;817-809-3147;96
317;Morie;Shimwell;M;1550;Shebekino;13/07/1975;Zambia;15/07/1965;mshimwell8s@dagondesign.com;bdHCFWFMIMx4;9054 Swallow Way;97;434;347246;7 Cody Point;77;884-110-8161;97
318;Jethro;Hacon;M;1551;Ḑawrān ad Daydah;21/06/2017;Ivory Coast;2/02/2006;jhacon8t@columbia.edu;l6FrNf5aN;1639 Farmco Park;98;435;347247;8 Montana Street;78;998-945-2925;98
319;Neila;Dikle;F;1552;Solna;23/10/2003;Sri Lanka;4/10/1962;ndikle8u@ucoz.ru;57xNr1I;44373 Hazelcrest Way;99;436;347248;52 Hanson Hill;79;661-224-5662;99
320;Augustine;Burgwin;F;1553;Jin’an;4/04/2015;Tajikistan;14/08/2002;aburgwin8v@msn.com;hTwQQdRLtV7;3 Pond Pass;100;;347249;41 Blackbird Crossing;80;515-832-8159;100
321;Guillema;Tatters;F;1554;Rāvar;9/03/1977;China;4/11/1977;gtatters8w@pbs.org;JssDWInVZv;256 Kedzie Way;1;238;347250;198 New Castle Parkway;1;311-641-3450;1
322;Damian;Tertre;M;1555;Volgograd;9/09/2000;COLOMBIA;27/08/2010;dtertre8x@ehow.com;MBAwct26M6h;90 Dorton Alley;86;441;347251;9 Graedel Alley;2;378-660-6632;86
323;Michail;Dorward;M;1556;Kayu Agung;6/07/1961;Indonesia;12/03/1962;mdorward8y@blogspot.com;xrw043l9;058 Sunbrook Park;3;240;347252;9458 Ruskin Point;3;911-787-5718;3
324;Myrtice;Mather;F;1557;Provins;6/06/1998;Greece;9/03/1988;mmather8z@va.gov;uVLnDyc;49539 Maryland Park;4;241;347253;41 Kingsford Street;4;845-466-8485;4
325;Leif;Du Hamel;M;1558;Kluki;28/01/1995;Canada;16/04/1968;lduhamel90@deliciousdays.com;5yw1wH;146 Mendota Way;5;257;347254;0139 Morrow Alley;5;388-271-6097;5
326;Ulric;Primak;M;1559;Huangtugang;17/11/2011;United States;21/09/1985;uprimak91@sbwire.com;bMEftMtHpe;807 Eggendart Street;6;243;347255;2 Express Lane;6;768-630-1933;6
327;Alicea;Ickovits;F;1560;Радовиш;12/12/1963;Guatemala;2/09/1992;aickovits92@dot.gov;EVkm68aiifKc;54 Rowland Point;7;244;347256;1 Grayhawk Trail;7;990-269-4900;7
328;Simonette;Janczewski;F;1561;Marinići;14/05/1997;Czech Republic;24/07/1975;sjanczewski93@reverbnation.com;ItQL06E;1 Algoma Alley;8;245;347257;92744 Larry Avenue;8;497-987-6313;8
329;Ashly;Ducarne;F;1562;Thākurgaon;14/07/2003;Portugal;12/10/2004;aducarne94@xing.com;bGyic20wD1D8;3 Briar Crest Junction;9;219;347258;422 Farragut Road;9;717-436-8915;9
330;Lanni;Bortolutti;F;1563;Lepoglava;26/01/2012;South Africa;30/07/1967;lbortolutti95@intel.com;xs7eCur4dd1;8 Weeping Birch Court;10;220;347259;520 Thompson Point;10;946-703-2107;10
331;Franciskus;Creeber;M;1564;Verkhnyaya Toyma;24/08/1973;Brazil;23/04/1961;fcreeber96@yellowpages.com;Ht2jkHZhNw6G;49 Westport Way;11;264;347260;977 Manitowish Trail;11;769-359-1938;11
332;Ellis;Chidwick;M;1565;Borgholm;15/03/2009;Albania;15/07/2010;echidwick97@discuz.net;xVWBitDp5;30967 Fieldstone Lane;12;265;347261;47354 Pierstorff Place;12;369-472-4603;12
333;Woodrow;Pennyman;M;1566;Xiashu;8/08/2001;Russia;20/06/1996;wpennyman98@tinyurl.com;IFhH9nc;159 Bluejay Park;13;266;347262;3 Talmadge Trail;13;444-849-6874;13
334;Dorisa;Dumbare;F;1567;Baima;14/01/2016;Somalia;13/12/1969;ddumbare99@homestead.com;g3I3db;7643 Dunning Drive;14;267;347263;27305 Arrowood Street;14;323-636-5143;14
335;Yvonne;Normant;F;1568;Nanyang;14/12/1963;Iran;6/06/1965;ynormant9a@howstuffworks.com;O7kXFPOtO;69588 Scofield Avenue;15;306;347264;24544 Schurz Junction;15;664-547-9688;15
336;Xever;Grigsby;M;1569;Idah;30/07/1980;Japan;3/08/2009;xgrigsby9b@desdev.cn;5DiaiFVjJWI;4 Hansons Alley;16;373;347265;432 Village Crossing;16;997-335-8607;16
337;Robinet;Hissett;F;1570;Kota Kinabalu;2/05/2007;Mexico;3/01/1993;rhissett9c@cdc.gov;Z1pWoNgd;54050 Old Shore Drive;17;374;347266;357 Charing Cross Drive;17;559-620-2334;17
338;Rutledge;Ricarde;M;1571;Melaka;24/03/1976;Belarus;17/11/2012;rricarde9d@skype.com;EDUTIYIi;90 Marquette Crossing;18;375;347267;16 Westend Street;18;319-848-7214;18
339;Yetty;Darnell;F;1572;Zhongyuan;26/02/2014;Ukraine;14/12/1989;ydarnell9e@netlog.com;Kbm6qtV;841 Mallory Point;19;376;347268;9 Superior Avenue;19;790-600-0323;19
340;Conway;Greenin;M;1573;Stende;22/11/2004;Ethiopia;11/05/2002;cgreenin9f@flickr.com;eGT64CbQnsa;07 Shelley Crossing;20;337;347269;53037 Talisman Place;20;693-130-5617;20
341;Paige;Beaton;M;1574;Kaišiadorys;26/12/1978;Malaysia;13/04/1994;pbeaton9g@shutterfly.com;MuOyHC7;6472 Daystar Street;21;338;347270;1579 Coleman Center;21;456-329-1428;21
342;Patric;Blanche;M;1575;Daming;19/01/1999;Cameroon;21/03/2003;pblanche9h@jimdo.com;DDkNiuok;37250 Old Shore Lane;22;339;347271;0 Mitchell Crossing;22;381-280-9642;22
343;Puff;Meininger;M;1576;Nanyuki;4/04/1990;Sweden;23/05/1993;pmeininger9i@apache.org;VcnHELscNI5;7 Marcy Crossing;23;314;347272;31 Hollow Ridge Road;23;465-965-5800;23
344;Free;Banasiak;M;1577;Zselickislak;27/09/1969;France;28/09/2002;fbanasiak9j@blogger.com;jXiJsMU4M2F;2721 Donald Terrace;24;315;347273;25636 Becker Terrace;24;461-504-7895;24
345;Giselbert;Esplin;M;1578;Batuidu;14/09/1999;Slovenia;17/07/1976;gesplin9k@abc.net.au;TrojjP;85184 New Castle Street;25;382;347274;41 Union Park;25;628-198-7432;25
346;Marty;Maffezzoli;F;1579;Puerto San José;6/11/2011;Poland;28/02/2009;mmaffezzoli9l@hubpages.com;bet5Dq;40187 Clarendon Street;26;383;347275;22428 Hagan Court;26;331-243-1055;26
347;Dean;McLenahan;M;1580;Babice;10/05/1997;Syria;16/11/1972;dmclenahan9m@thetimes.co.uk;ffMX5qU;0 Sage Pass;27;384;347276;07439 Village Junction;27;477-633-0580;27
348;Stewart;Aymer;M;1581;Lumijoki;24/06/2011;Madagascar;19/01/1978;saymer9n@ucsd.edu;hxVjq4uXzQ0;00159 Mandrake Drive;28;28;347277;5 Westerfield Circle;28;841-629-4805;28
349;Janeczka;Enders;F;1582;Göteborg;18/10/1989;Netherlands;11/09/1972;jenders9o@de.vu;VpC78NZi;1 Monterey Trail;29;282;347278;2264 Garrison Way;29;791-334-6265;29
350;Kelly;Bonellie;F;1583;Porsgrunn;9/06/1999;Uganda;17/01/1990;kbonellie9p@hubpages.com;tsO5Bxi8X;5 Dexter Drive;30;30;347279;84 Upham Center;30;641-352-0723;30
351;Hetti;Deam;F;1584;Mīzan Teferī;28/05/1968;Trinidad and Tobago;24/06/1965;hdeam9q@newyorker.com;uWyUBnOaN;17 Buell Pass;31;31;347280;04847 Shopko Hill;31;189-408-9505;31
352;Esmeralda;Rouf;F;1585;Harstad;3/04/1965;Panama;17/06/1979;erouf9r@dion.ne.jp;pkLPOfWEu;1736 New Castle Parkway;32;32;347281;12413 Fallview Park;32;789-229-3711;32
353;Carmela;Sharply;F;1586;Jiaoshanhe;18/10/1965;Luxembourg;10/06/1965;csharply9s@whitehouse.gov;JKD2s6;86 Scofield Plaza;33;390;347282;6 Kipling Court;33;665-569-3686;33
354;Jayson;Easson;M;1587;New Orleans;6/06/2002;Sierra Leone;28/10/1962;jeasson9t@unicef.org;SRPVCRc0Qn1;0322 Westerfield Pass;34;391;347283;665 Karstens Point;34;504-620-6687;34
355;Obadiah;Karlolczak;M;1588;Mtsensk;13/06/1993;Croatia;3/05/1980;okarlolczak9u@cnbc.com;gVRDCIrSp;23102 Swallow Crossing;35;342;347284;24 Glacier Hill Lane;35;948-272-2580;35
356;Filippo;Malpas;M;1589;Zhukovskiy;30/06/1993;Egypt;20/07/1970;fmalpas9v@hao123.com;yGbj7pGVy2BT;356 Pleasure Plaza;36;343;347285;87 Merrick Center;36;373-591-9924;36
357;Abbye;Spence;F;1590;Jeżów;2/03/1999;Spain;31/05/2009;aspence9w@zdnet.com;FayOrEg;8 Daystar Point;37;344;347286;43907 Transport Road;37;593-841-4678;37
358;Ernie;Haliday;M;1591;Ipu;31/10/1979;Ghana;2/03/2013;ehaliday9x@imageshack.us;WUAg7XyWYU7b;15706 Dahle Park;38;395;347287;06333 Jana Terrace;38;831-761-1186;38
359;Brandice;Branche;F;1592;Bidikotak;5/06/1987;Vietnam;31/12/1977;bbranche9y@google.com.hk;UL0cDPx4Y;72 Linden Terrace;39;396;347288;575 Norway Maple Plaza;39;253-479-2759;39
360;Cyndia;Hazlewood;F;1593;San Diego;26/03/1986;Myanmar;16/12/1989;chazlewood9z@xing.com;KnREzEMWde7p;69603 Rowland Hill;40;397;347289;08987 Stuart Terrace;40;709-442-4513;40
361;Noble;Galvan;M;1594;Arpajon;22/09/1993;Saudi Arabia;4/07/1968;ngalvana0@hhs.gov;7Rb76HbQCD;68077 Logan Alley;41;398;347290;20204 Autumn Leaf Center;41;309-722-6901;41
362;Lem;Tawn;M;1595;Ta‘izz;16/07/1985;Argentina;18/07/2015;ltawna1@ovh.net;kKL827q;22762 Surrey Street;42;399;347291;092 Vahlen Avenue;42;240-325-6216;42
363;Garner;Nagle;M;1596;Kerrouchen;16/03/1964;Latvia;24/10/2005;gnaglea2@constantcontact.com;Rz8YVZqQkzgM;04 Schmedeman Terrace;43;400;347292;85 Springs Street;43;589-234-9824;43
364;Yvor;Klemmt;M;1597;Xiangride;31/12/1986;Finland;29/07/1992;yklemmta3@seattletimes.com;tLvVVmcEA;748 Fallview Center;44;401;347293;340 Esch Avenue;44;383-105-9069;44
365;Coriss;Simnett;F;1598;Karpacz;21/11/2001;Kazakhstan;4/03/2003;csimnetta4@cmu.edu;W0bRXVxUEtc;4259 Thompson Circle;45;402;347294;9 Annamark Plaza;45;986-477-3575;45
366;Erick;Oman;M;1599;Rancasadang;14/12/1981;Ireland;25/04/1996;eomana5@ovh.net;dbTpBFR;6 Marcy Hill;46;155;347295;76255 Sauthoff Avenue;46;474-568-3412;46
367;Ettore;Corbridge;M;1600;Guaranda;16/05/1970;Nigeria;20/07/2012;ecorbridgea6@wufoo.com;kIgXDnFUInU;0124 Coleman Circle;47;156;347296;22615 Sommers Crossing;47;357-970-5693;47
368;Bryce;Dilnot;M;1601;Srbinovo;27/12/1992;Cuba;13/12/1961;bdilnota7@amazonaws.com;MDCqLuQM4P;004 Charing Cross Junction;48;157;347297;148 Buell Place;48;232-938-3007;48
369;Bunni;Etherington;F;1602;Gromnik;23/03/1962;Kuwait;3/12/2000;betheringtona8@360.cn;Lw80xK0;8902 Morningstar Point;49;158;347298;04 Sloan Plaza;49;267-523-1207;49
370;Templeton;Maling;M;1603;Chocz;7/01/1967;Niger;30/11/1969;tmalinga9@typepad.com;zMukqWLVvf;4110 Bayside Pass;50;159;347299;29340 Helena Place;50;639-753-4594;50
371;Nanice;Margetson;F;1604;Dongzhaogezhuang;8/04/1986;Thailand;9/08/1972;nmargetsonaa@tinypic.com;zh3zowHMb;8776 Elka Junction;87;178;347300;8 Graceland Alley;51;509-334-4332;87
372;Thorndike;Savine;M;1605;Lunyuk Ode;30/12/1985;Israel;20/01/1998;tsavineab@utexas.edu;u1VhFD5zyom;86 Stone Corner Park;88;179;347301;4760 Porter Park;52;639-259-1882;88
373;Elsy;Coolahan;F;1606;Hanting;16/10/1970;Mongolia;3/06/1972;ecoolahanac@pbs.org;lMxYslRvbJF;864 Dwight Parkway;89;180;347302;7957 Holmberg Center;53;277-300-4913;89
374;Lisette;Haugg;F;1607;Ganja;20/04/1985;Palestinian;28/04/1962;lhauggad@kickstarter.com;kfcVnVngL;11 Saint Paul Lane;90;181;347303;2775 Chinook Alley;54;496-943-2594;90
375;Tomaso;Dubbin;M;1608;Georgīevka;23/09/2004;Peru;18/08/1971;tdubbinae@narod.ru;4JdfQL;4 Roth Parkway;91;182;347304;12154 Morning Trail;55;243-484-4145;91
376;Dyanna;Furmedge;F;1609;Opol;16/01/1995;New Caledonia;16/01/1970;dfurmedgeaf@vkontakte.ru;v6MG8oeMy;00325 Tony Street;92;183;347305;97802 Fair Oaks Place;56;684-231-7295;92
377;Tamarra;Akeherst;F;1610;Cerro;14/02/2006;Afghanistan;27/11/2002;takeherstag@google.com;Avz7Se;2948 Packers Point;93;184;347306;2214 Raven Plaza;57;970-440-0022;93
378;Drusi;Bridgnell;F;1611;Koramlik;26/02/1992;Estonia;4/03/1961;dbridgnellah@i2i.jp;tucdJkGwG;5 Miller Road;58;415;347307;909 Summerview Trail;58;819-345-2501;58
379;Brion;Rosingdall;M;1612;Trollhättan;27/02/1979;Norway;21/05/2004;brosingdallai@bloglovin.com;Ar7JbJd;6 Judy Circle;59;416;347308;4 Stone Corner Terrace;59;972-203-0969;59
380;Jordan;Milington;M;1613;Lebane;28/01/1974;Reunion;7/03/1972;jmilingtonaj@hao123.com;j6pjTIf1T;24457 David Park;60;417;347309;266 Jay Terrace;60;992-603-0500;60
381;Jonie;Camfield;F;1614;Trollhättan;18/10/1979;Chile;17/06/1990;jcamfieldak@nature.com;mFpk5F;69709 Bay Way;61;418;347310;70 Duke Junction;61;509-763-1001;61
382;Correna;Guyonnet;F;1615;Settat;23/11/2002;Lithuania;27/09/1991;cguyonnetal@craigslist.org;pmaCZPR9I;123 Laurel Way;62;419;347311;936 Prentice Drive;62;579-447-1952;62
383;Archambault;Derycot;M;1616;Pinega;21/01/1995;Serbia;24/01/1979;aderycotam@bizjournals.com;tKJdynJgu;09 Karstens Way;63;420;347312;509 Gale Place;63;107-740-4101;63
384;Parsifal;Desforges;M;1617;Veles;7/02/1970;Nepal;26/03/1988;pdesforgesan@baidu.com;G2Dj3qD;071 Alpine Avenue;64;421;347313;0169 Goodland Hill;64;349-226-3278;64
385;Amelia;Dary;F;1618;Arias;7/07/2011;Faroe Islands;16/05/2003;adaryao@typepad.com;iblSqUH4PZ;042 Rusk Alley;65;422;347314;6509 Maryland Point;65;303-789-0727;65
386;Jill;Geertje;F;1619;Stockholm;19/08/2004;Honduras;15/08/1976;jgeertjeap@slideshare.net;Uvwch1I1;1580 Grasskamp Plaza;66;423;347315;4 Manley Center;66;732-448-8791;66
387;Tommi;Kernes;F;1620;Hrazdan;9/07/1963;Pakistan;18/09/1961;tkernesaq@sakura.ne.jp;1HaHBen;27483 Arapahoe Parkway;67;424;347316;21121 Larry Parkway;67;726-259-4758;67
388;Carry;Cottill;F;1621;Yiánnouli;22/01/1995;Kyrgyzstan;4/04/1974;ccottillar@usnews.com;QWVdameq1;1 Cascade Junction;68;425;347317;18 Homewood Place;68;396-883-6209;68
389;Fenelia;Dredge;F;1622;Satsumasendai;8/12/1963;Australia;6/12/1998;fdredgeas@tuttocitta.it;R9W6nipFKJdp;1 Farmco Park;69;69;347318;07 Oakridge Pass;69;930-787-0110;69
390;Chen;Solloway;M;1623;La Ravoire;25/12/1977;Uzbekistan;5/10/1986;csollowayat@jalbum.net;WUWih3ABrzsE;5813 Del Sol Way;70;70;347319;90 Homewood Drive;70;330-452-5974;70
391;Addia;Overpool;F;1624;Empedrado;29/08/2007;United Arab Emirates;2/01/2006;aoverpoolau@prnewswire.com;vuVgFT;42 Brentwood Crossing;71;71;347320;50031 Delaware Lane;71;637-816-6972;71
392;Olenolin;Crispe;M;1625;Owo;12/12/2012;Bosnia and Herzegovina;9/12/2011;ocrispeav@tinypic.com;4oL74tAMDBOT;944 Lien Junction;72;72;347321;2 Columbus Plaza;72;756-369-5909;72
393;Gregory;Babonau;M;1626;Coronel Belisle;5/10/2016;Yemen;27/07/1989;gbabonauaw@oaic.gov.au;xGL7roJ6;7609 Hudson Park;73;73;347322;48 Bay Hill;73;825-745-4839;73
394;Roley;Kunkel;M;1627;Pyapon;12/12/1982;Tanzania;18/04/1963;rkunkelax@adobe.com;6KtwD1D;7646 Pankratz Pass;74;451;347323;844 Dahle Way;74;170-478-0968;74
395;Shanie;Ayris;F;1628;Idrinskoye;2/06/1994;Morocco;15/08/1985;sayrisay@histats.com;dGRzNldf;7679 Elka Plaza;75;452;347324;8 Tomscot Park;75;181-593-5978;75
396;Leila;Aubin;F;1629;Jiagao;10/02/1968;Azerbaijan;13/05/1966;laubinaz@imdb.com;mR7hNyJYEnz;892 Pennsylvania Avenue;76;453;347325;9 Corry Trail;76;508-176-1402;76
397;Tiena;Corbridge;F;1630;Örebro;11/05/2001;Zambia;3/09/2014;tcorbridgeb0@blogger.com;7pSrk9ct;1818 Buell Pass;77;454;347326;44451 Bashford Plaza;77;329-215-9524;77
398;Mechelle;Beseke;F;1631;Tamansari;7/09/1980;Ivory Coast;4/10/1993;mbesekeb1@hostgator.com;fvAt72K6xba9;874 Magdeline Alley;78;455;347327;9 Becker Alley;78;446-326-5079;78
399;Minnie;Ketts;F;1632;Clondalkin;3/04/2008;Sri Lanka;3/04/2008;mkettsb2@icio.us;mVdHNCEsm;92 Lakeland Street;79;456;347328;90 Barnett Hill;79;127-614-8587;79
400;Daniela;Blewett;F;1633;San Isidro;15/02/1963;Tajikistan;27/02/1982;dblewettb3@csmonitor.com;tva45KqXQn9;4 Saint Paul Trail;80;;347329;5 Hollow Ridge Court;80;543-337-9118;80
401;Devina;Peschka;F;1634;Tqibuli;17/11/2011;China;17/01/1971;dpeschkab4@deviantart.com;CrcQkQ;32 Hanover Junction;118;253;347330;0767 Kings Terrace;1;202-752-7860;118
402;Cathee;Kimbrough;F;1635;Libas;8/08/1987;COLOMBIA;11/11/1969;ckimbroughb5@bbb.org;ZTS6pfA;28 6th Crossing;119;442;347331;5 Hoffman Park;2;148-973-7868;119
403;Katinka;Swains;F;1636;Killarney;31/05/1970;Indonesia;12/08/2008;kswainsb6@hugedomains.com;iIJV1RYLGcAZ;196 Old Gate Court;120;255;347332;830 Buhler Hill;3;573-651-6961;120
404;Erik;Stickler;M;1637;Berkovitsa;22/08/2005;Greece;28/05/2017;esticklerb7@mayoclinic.com;cqot5WoCJ;02 Fieldstone Place;121;256;347333;1 Lien Drive;4;223-127-4306;121
405;Vi;Kaesmans;F;1638;Yabēlo;22/05/1995;Canada;4/06/1968;vkaesmansb8@histats.com;6Y8DGRgSL;455 Main Hill;122;352;347334;5384 Old Shore Crossing;5;110-742-9149;122
406;Minny;Pullin;F;1639;Wangmang;20/02/1961;United States;1/02/1961;mpullinb9@skyrock.com;TcSAMLkD;7 Kensington Crossing;123;258;347335;41 Graedel Drive;6;968-713-3537;123
407;Hi;Toderini;M;1640;Arlöv;20/04/2012;Guatemala;28/10/2001;htoderiniba@ucoz.ru;G9TVLcfoc2;607 Coolidge Lane;124;259;347336;700 Milwaukee Lane;7;131-785-3492;124
408;Fayre;Colt;F;1641;Qırmızı Samux;23/07/1998;Czech Republic;3/07/2002;fcoltbb@github.io;QKwHX0R;279 Kipling Parkway;125;260;347337;00447 Sloan Crossing;8;127-850-6624;125
409;Shayne;Gilburt;F;1642;Fundong;4/04/1964;Portugal;18/05/2011;sgilburtbc@artisteer.com;ubQvYlmqDLj2;59263 Roxbury Court;126;246;347338;58608 Boyd Street;9;534-393-2479;126
410;Stanislas;Kless;M;1643;Puerto Esperanza;14/05/1993;South Africa;31/08/1971;sklessbd@nps.gov;NkWXltBP2C8;0054 Mallard Point;127;247;347339;3 Fair Oaks Point;10;331-245-4722;127
411;Mamie;Softley;F;1644;Az Zaytūnīyah;3/12/1983;Brazil;24/03/1966;msoftleybe@hostgator.com;GtNbe3Ku6F;74003 Corscot Road;11;302;347340;6842 Evergreen Alley;11;456-880-4569;11
412;Kris;McCrorie;M;1645;Pangrumasan;2/01/1968;Albania;24/05/1985;kmccroriebf@bbb.org;V6rtYlD;3763 Drewry Point;12;303;347341;12516 Blaine Avenue;12;867-462-6116;12
413;Fidelio;Broadwood;M;1646;Fubei;26/04/1975;Russia;2/10/1964;fbroadwoodbg@virginia.edu;Y2oRlMFo;588 Dapin Crossing;13;304;347342;97 Sloan Way;13;545-788-0773;13
414;Ondrea;Dauney;F;1647;Constanza;18/08/2005;Somalia;13/08/1977;odauneybh@wunderground.com;WEalKH82v;9 Merrick Circle;14;305;347343;722 Sauthoff Junction;14;347-930-7285;14
415;Marna;Aldren;F;1648;Saint-Eustache;30/05/2007;Iran;3/05/1998;maldrenbi@hc360.com;pPAy9kHEQm;05 Susan Crossing;15;372;347344;0 Eastwood Road;15;643-364-8561;15
416;Wynn;Mayworth;M;1649;Zelenogradsk;23/04/1967;Japan;31/03/1988;wmayworthbj@qq.com;ZDBd7T;446 Schmedeman Point;16;16;347345;9736 Cody Hill;16;817-753-0508;16
417;Mac;Shatford;M;1650;Grand Rapids;17/06/1989;Mexico;12/07/1979;mshatfordbk@godaddy.com;cuA6ti;11793 Memorial Parkway;17;17;347346;76634 Macpherson Crossing;17;616-490-3406;17
418;Arabella;Stoad;F;1651;Poitiers;16/07/1971;Belarus;18/09/2001;astoadbl@nasa.gov;AsLJYwLaUxm;75 Dakota Point;18;18;347347;66919 Nobel Place;18;982-513-5402;18
419;Duane;Penas;M;1652;Daojiang;18/05/1966;Ukraine;11/12/2009;dpenasbm@wikia.com;jj6pIP1qlRRp;894 Main Lane;19;19;347348;90896 Declaration Center;19;285-200-8413;19
420;Emmy;Baume;F;1653;Bakhmach;13/10/1981;Ethiopia;23/06/1973;ebaumebn@live.com;bVVghrgfgXDJ;7583 Sauthoff Way;20;377;347349;08032 Columbus Way;20;985-997-9109;20
421;Edouard;Dyke;M;1654;Ban Tak;3/05/1986;Malaysia;26/05/1993;edykebo@twitter.com;d6jjhf;66 Bartillon Terrace;21;378;347350;6 Holy Cross Plaza;21;316-785-5981;21
422;Brittani;Kierans;F;1655;Lintaca;2/09/1977;Cameroon;1/07/2016;bkieransbp@java.com;IiMKG6qNCcQ;79 Manufacturers Park;22;379;347351;285 Utah Hill;22;801-127-8844;22
423;Christoforo;McVity;M;1656;Yongfa;25/04/1970;Sweden;30/07/1997;cmcvitybq@homestead.com;P7UjaiU7;5150 Walton Hill;23;340;347352;316 Eastlawn Junction;23;174-640-3005;23
424;Olenka;Scroggie;F;1657;Hlusk;28/05/1990;France;26/09/1970;oscroggiebr@abc.net.au;H7xVoNk73;15512 Bowman Trail;24;341;347353;3 Glacier Hill Plaza;24;855-887-4026;24
425;Amelia;Grebert;F;1658;Lokot’;7/06/1990;Slovenia;7/06/1987;agrebertbs@foxnews.com;RZGCmtoht;7 Fairview Avenue;25;25;347354;5761 Havey Court;25;844-570-4715;25
426;Bibby;Durham;F;1659;Kota Kinabalu;15/10/1999;Poland;6/03/1984;bdurhambt@ft.com;VuYT3bZ4mXB;24 Rutledge Center;26;383;347355;51398 Barnett Terrace;26;934-324-1943;26
427;Lek;Charer;M;1660;Chodów;13/03/1988;Syria;13/06/1981;lcharerbu@a8.net;SmMd1JcMe2Mt;544 Vahlen Avenue;27;384;347356;21048 Mesta Hill;27;864-332-6507;27
428;Diena;Brunone;F;1661;Mahīn;4/01/1984;Madagascar;10/03/2015;dbrunonebv@google.com.hk;EdmQ2Ie63p;64602 Jackson Road;28;281;347357;9 Mcguire Drive;28;404-499-1031;28
429;Joelynn;Ferrar;F;1662;Xiaheqing;18/01/2010;Netherlands;11/01/2001;jferrarbw@tinypic.com;OPvDcyIRz;1 Springs Place;29;320;347358;403 Artisan Lane;29;377-438-3159;29
430;Blondell;Galia;F;1663;Biryukove;29/10/1979;Uganda;16/09/2016;bgaliabx@npr.org;h530lGIf4pyn;4125 Artisan Park;30;321;347359;7067 Manley Point;30;650-374-2610;30
431;Joseito;Mahoney;M;1664;Cigembong;25/03/2010;Trinidad and Tobago;11/12/2008;jmahoneyby@seesaa.net;uNB9Ro11B;4756 Fairfield Drive;31;284;347360;67869 Dahle Avenue;31;263-621-3035;31
432;Lizzie;Bramont;F;1665;Janeng;26/06/1967;Panama;20/10/1988;lbramontbz@dropbox.com;CvyBqf7d;8451 Farwell Place;32;285;347361;48 Dexter Court;32;203-595-1494;32
433;Gregory;Scawn;M;1666;Cangkreng;9/06/2004;Luxembourg;2/06/1988;gscawnc0@jalbum.net;vuqpAdI;9851 Del Sol Alley;33;390;347362;37286 Hauk Pass;33;577-701-6815;33
434;Eric;Pittet;M;1667;Ra-ngae;27/06/2013;Sierra Leone;11/06/1993;epittetc1@theglobeandmail.com;B4x5ZPWzWF;4 Buhler Junction;34;391;347363;26 Florence Avenue;34;270-203-1097;34
435;Alena;Shipton;F;1668;Ravne;26/09/1984;Croatia;28/06/1993;ashiptonc2@globo.com;L6VtqtP;9 Cambridge Place;35;392;347364;0 Hovde Alley;35;373-155-3479;35
436;Doria;Driscoll;F;1669;Carvalhos;8/10/1963;Egypt;14/06/1993;ddriscollc3@cornell.edu;TccGa1DNtaVv;53 Crest Line Parkway;36;393;347365;815 American Ash Terrace;36;114-935-1841;36
437;Eberto;Dillet;M;1670;Kotayk’;2/05/1993;Spain;10/04/1976;edilletc4@thetimes.co.uk;iVhNyTN5ro;67623 Ramsey Street;37;394;347366;2934 Novick Point;37;642-768-4231;37
438;Sashenka;Hehl;F;1671;Curuzú Cuatiá;5/02/1994;Ghana;10/01/2004;shehlc5@nba.com;g6iHyOm5D862;648 Arapahoe Way;38;395;347367;88162 Logan Way;38;669-877-5111;38
439;Wiley;Biddy;M;1672;Могила;25/09/1985;Vietnam;7/05/1982;wbiddyc6@netvibes.com;ElGK83RaL;9 Brentwood Place;39;396;347368;2800 Anthes Way;39;205-626-2778;39
440;Nevsa;Trevers;F;1673;Falköping;24/12/1983;Myanmar;13/10/1974;ntreversc7@qq.com;bYAIMwSmJOK;573 Leroy Crossing;40;397;347369;51 Stone Corner Junction;40;471-224-2069;40
441;Joella;McRill;F;1674;Caen;14/03/1983;Saudi Arabia;18/12/1966;jmcrillc8@paginegialle.it;QwBuV5T;76821 Armistice Hill;41;398;347370;6921 Green Ridge Plaza;41;241-903-8919;41
442;Cherri;Petegree;F;1675;Saltsjö-Boo;11/03/1962;Argentina;11/07/1976;cpetegreec9@mtv.com;eT6fXgkX;21591 Packers Street;42;399;347371;38 Clyde Gallagher Crossing;42;759-236-4191;42
443;Flora;Diver;F;1676;Horní Lideč;28/07/2004;Latvia;7/10/2008;fdiverca@washingtonpost.com;PduMZEZX8;60740 8th Street;43;400;347372;8751 Browning Avenue;43;181-117-3256;43
444;Claire;Casina;F;1677;Dūst Moḩammad Khān;31/03/1965;Finland;21/04/1977;ccasinacb@hp.com;cRlWdEyiJ;8 Del Sol Hill;44;401;347373;28677 Elgar Pass;44;592-753-7699;44
445;Tiertza;Mustoe;F;1678;Faaone;5/01/1974;Kazakhstan;23/06/1985;tmustoecc@newyorker.com;J3EYgLSZ;944 Badeau Center;45;402;347374;6 Morningstar Road;45;584-727-6881;45
446;Avrit;Evert;F;1679;Konobeyevo;14/05/2000;Ireland;29/05/1962;aevertcd@china.com.cn;UheEG8J848;2 Lindbergh Way;46;403;347375;48 Debra Street;46;766-259-5425;46
447;Woody;Gledhill;M;1680;Piskivka;14/10/1974;Nigeria;16/09/1969;wgledhillce@imgur.com;rWbkYp;666 Oakridge Lane;47;404;347376;9 Evergreen Street;47;186-256-4670;47
448;Noelle;Radden;F;1681;Youxikou;2/08/1998;Cuba;15/10/2014;nraddencf@ihg.com;lN0KyKG;4 Orin Park;48;405;347377;9726 Emmet Parkway;48;315-858-8782;48
449;Traci;Wilber;F;1682;Lin’an;16/06/1996;Kuwait;13/03/2000;twilbercg@globo.com;KCuvKfAkSAW;831 Lukken Terrace;49;406;347378;269 Calypso Point;49;871-520-2799;49
450;Sonia;Ledingham;F;1683;Danilov;23/01/1968;Niger;11/07/1981;sledinghamch@samsung.com;DqeZT4QAj;06095 Brickson Park Junction;50;407;347379;0136 Dexter Pass;50;139-855-6872;50
451;Florentia;Sawnwy;F;1684;Sengeti;20/03/2009;Thailand;10/03/1986;fsawnwyci@paginegialle.it;TFKIb7JN;7891 Buell Terrace;111;202;347380;5 Bobwhite Court;51;262-609-0497;111
452;Flynn;Vallance;M;1685;Pagak Kulon;23/08/1961;Israel;18/09/1988;fvallancecj@stumbleupon.com;VVb90jYCr;01113 Blackbird Trail;112;203;347381;3904 Memorial Avenue;52;734-879-7995;112
453;Antonino;Mullins;M;1686;Aliaga;6/09/2013;Mongolia;18/02/1976;amullinsck@moonfruit.com;23Y0RG;8652 Barnett Trail;113;204;347382;69 Kropf Junction;53;167-908-9803;113
454;Ricki;Boldry;M;1687;Pingpu;28/03/1972;Palestinian;19/07/1962;rboldrycl@technorati.com;Z46GU0;863 Buell Pass;114;205;347383;182 Delaware Place;54;567-864-2288;114
455;Gregoor;Preto;M;1688;Sulengwaseng;29/10/1991;Peru;1/07/2013;gpretocm@last.fm;uhRHTaE7s0W;38156 Forest Lane;115;206;347384;568 Charing Cross Pass;55;237-182-8390;115
456;Stacee;Harbour;F;1689;Xike;29/05/1996;New Caledonia;18/10/1991;sharbourcn@opera.com;M9ydmrGD;0332 Northwestern Lane;116;207;347385;1 Vermont Park;56;562-984-0185;116
457;Julio;Allner;M;1690;Tennō;24/07/1991;Afghanistan;3/07/2007;jallnerco@usnews.com;Qlzi78uhm;049 Sachtjen Street;117;208;347386;7 Nobel Alley;57;200-694-9906;117
458;Renault;Tabour;M;1691;Quintãs;1/02/1997;Estonia;13/02/2009;rtabourcp@engadget.com;B9RadJ9MI;5976 Lindbergh Way;101;458;347387;4681 Emmet Crossing;58;126-871-7170;101
459;Phip;Golthorpp;M;1692;Revava;14/03/1981;Norway;6/03/2007;pgolthorppcq@ft.com;JOzzS0ti;80 Basil Alley;102;459;347388;08 Drewry Street;59;783-240-2282;102
460;Kelwin;Mathers;M;1693;Lianhe;4/09/1961;Reunion;21/01/1992;kmatherscr@squarespace.com;ygnJRU2rYTLh;41 Florence Junction;103;460;347389;955 High Crossing Hill;60;367-757-9387;103
461;Pattie;Deare;M;1694;Keli;26/04/2008;Chile;4/04/1985;pdearecs@sfgate.com;dOhlYe;5 Sunnyside Avenue;104;461;347390;26 Quincy Pass;61;858-564-9655;104
462;Abelard;Luxon;M;1695;Hajoho;14/09/1975;Lithuania;19/03/1993;aluxonct@w3.org;wCl7vU4NheK;610 Mifflin Lane;105;462;347391;96 Carioca Crossing;62;917-801-7257;105
463;Tierney;Lockless;F;1696;Kajiado;11/08/1984;Serbia;18/04/1999;tlocklesscu@lycos.com;17ZPemLfju;132 Menomonie Court;106;463;347392;88937 Red Cloud Parkway;63;856-305-0456;106
464;Cecilia;Pinniger;F;1697;Antsohimbondrona;12/06/1975;Nepal;13/10/1993;cpinnigercv@noaa.gov;nwDx4lMgAS;085 Novick Street;107;464;347393;9 South Circle;64;456-101-3694;107
465;Jule;Janoschek;M;1698;Meitang;24/08/2005;Faroe Islands;8/08/2009;jjanoschekcw@amazonaws.com;4Ic7f1X9474;981 Sunnyside Park;108;465;347394;12 Cordelia Terrace;65;563-366-9885;108
466;Emelita;Casham;F;1699;Ambositra;24/10/1977;Honduras;1/06/2011;ecashamcx@google.it;bd1kTqC;5259 Doe Crossing Junction;109;466;347395;328 Hayes Junction;66;272-606-0415;109
467;Martguerita;Northwood;F;1700;Dafengdui;2/12/2005;Pakistan;25/04/1976;mnorthwoodcy@shinystat.com;czuxVG;3305 Melrose Terrace;110;467;347396;3249 Fairfield Hill;67;285-607-9826;110
468;Valli;Wadlow;F;1701;Drezdenko;14/10/1977;Kyrgyzstan;20/09/1961;vwadlowcz@blinklist.com;8QRorTj4;8795 Hanover Way;68;425;347397;36 Bonner Court;68;442-854-6418;68
469;Hermy;Pinnegar;M;1702;Dashuipo;2/09/1971;Australia;12/12/1971;hpinnegard0@boston.com;BaavR6T;90016 Chive Center;69;426;347398;3450 Vahlen Hill;69;575-556-5893;69
470;Jessey;Rizzardo;M;1703;Khujirt;26/11/1993;Uzbekistan;27/09/1980;jrizzardod1@deviantart.com;wMVsNfjp;12 Maryland Way;70;427;347399;8 Gateway Point;70;642-219-6423;70
471;Aloysius;Froom;M;1704;Moquegua;6/02/1999;United Arab Emirates;10/05/1963;afroomd2@toplist.cz;b2D98ElX6bV;2846 Del Sol Pass;71;428;347400;0 Sycamore Plaza;71;104-737-9154;71
472;Marcellina;Gadsby;F;1705;Wajir;30/10/1973;Bosnia and Herzegovina;26/01/1963;mgadsbyd3@ameblo.jp;n69rdRDGQ;6648 Graedel Court;72;429;347401;558 Fairview Parkway;72;451-417-6630;72
473;Kerk;Steagall;M;1706;Liješnica;3/12/1980;Yemen;8/05/1981;ksteagalld4@de.vu;tc5pWA;98333 Lake View Street;73;430;347402;66 Mccormick Pass;73;259-345-9264;73
474;Shalna;Halpine;F;1707;Bezenchuk;7/05/1980;Tanzania;22/11/2012;shalpined5@fda.gov;hSS1w5;00 Cottonwood Pass;94;451;347403;989 South Circle;74;547-760-1991;94
475;Russ;Jertz;M;1708;Sobreira;1/06/1985;Morocco;2/11/1979;rjertzd6@wsj.com;SMtW8I;1 Marquette Alley;95;452;347404;95071 Sutherland Way;75;720-487-0587;95
476;Alleyn;Dalliston;M;1709;Cortinhas;1/04/1963;Azerbaijan;27/12/2003;adallistond7@free.fr;lSWnUrAUjw;02 Summer Ridge Point;96;453;347405;21778 Clove Park;76;805-447-8718;96
477;Seward;Seacroft;M;1710;Al Finţās;27/01/2016;Zambia;4/06/1990;sseacroftd8@cyberchimps.com;oq988q3nXa;8841 Mariners Cove Pass;97;454;347406;1694 Doe Crossing Avenue;77;552-119-8362;97
478;Farrell;Manis;M;1711;Dobrich;9/05/1961;Ivory Coast;12/12/2016;fmanisd9@epa.gov;croo7sCqX;3 Londonderry Road;98;455;347407;883 Dexter Place;78;986-195-9235;98
479;Sancho;Basterfield;M;1712;Da’an;20/01/1999;Sri Lanka;8/03/1964;sbasterfieldda@marketwatch.com;N8EyrF4sJ;6410 Sauthoff Road;99;456;347408;5 Barnett Junction;79;784-174-3831;99
480;Gabriellia;Phinn;F;1713;Gävle;1/08/1993;Tajikistan;25/11/1995;gphinndb@arstechnica.com;AZM5tLrhB;52 Cottonwood Point;100;;347409;888 Elka Lane;80;268-456-0602;100
481;Hillier;Cullon;M;1714;Anwen;10/02/1998;China;29/11/1963;hcullondc@xing.com;DMPZmPzct6;4440 Sycamore Way;1;348;347410;1711 Ruskin Terrace;1;315-643-4062;1
482;Veda;Eddolls;F;1715;Ayia Napa;8/06/2006;COLOMBIA;20/04/1988;veddollsdd@umich.edu;MiQrpCMXj;3167 Debra Parkway;82;439;347411;9896 Ruskin Park;2;471-648-3300;82
483;Danie;Woodham;M;1716;Jianping;29/09/2005;Indonesia;17/12/1980;dwoodhamde@independent.co.uk;XMUvVZIecN2;5 Meadow Ridge Drive;3;350;347412;4468 Di Loreto Terrace;3;282-246-2569;3
484;Waiter;Pischel;M;1717;Cacocum;2/05/1971;Greece;8/08/1974;wpischeldf@mozilla.org;CVLIoktRln6i;4 Mayer Street;4;351;347413;0940 Vera Hill;4;341-249-6505;4
485;Kip;Fewlass;F;1718;Lubao;9/10/1983;Canada;24/07/1986;kfewlassdg@nba.com;jGhLHL3;949 Buhler Park;5;362;347414;59013 Haas Junction;5;381-444-8673;5
486;Frannie;Smardon;F;1719;Dobrich;8/06/1965;United States;21/08/2016;fsmardondh@irs.gov;WzcE6Hz;022 Marcy Street;6;353;347415;25945 Kim Trail;6;234-332-4784;6
487;Nara;Wateridge;F;1720;Pira;17/04/1965;Guatemala;31/08/1990;nwateridgedi@bluehost.com;yYbcAw7kZ;0 Hudson Pass;7;354;347416;476 Northridge Plaza;7;966-442-3803;7
488;Nerty;Nipper;F;1721;Peabiru;3/01/2015;Czech Republic;5/11/1976;nnipperdj@comsenz.com;kvA0KBka;6 Sachs Street;8;355;347417;47361 Bartillon Place;8;564-794-5690;8
489;Dannie;Brinklow;M;1722;Uglovoye;2/06/1975;Portugal;16/06/1996;dbrinklowdk@icio.us;G4PzQAS;548 Amoth Pass;9;261;347418;2 Sheridan Place;9;647-448-5110;9
490;Edlin;Lavigne;M;1723;Penambangan;2/05/1971;South Africa;26/09/1969;elavignedl@altervista.org;sVQTM5FOPuLr;74087 Browning Trail;10;262;347419;87 Clemons Alley;10;753-968-3284;10
491;Cordy;Fanthome;M;1724;Al Mazzūnah;2/06/1967;Brazil;5/09/1980;cfanthomedm@earthlink.net;FpVbw9P9;4 Petterle Parkway;11;368;347420;37613 Evergreen Circle;11;955-607-1464;11
492;Antonetta;Streater;F;1725;Bến Cầu;19/12/1999;Albania;13/04/2001;astreaterdn@yahoo.co.jp;Bq3uF7tR;68 Melby Junction;12;369;347421;4 Corry Circle;12;981-455-7804;12
493;Michail;Fowlds;M;1726;Binalbagan;5/01/2004;Russia;7/07/1984;mfowldsdo@bravesites.com;BlJxjqYt2I;96122 Troy Terrace;13;370;347422;77491 Parkside Court;13;877-543-9960;13
494;Verena;Conkey;F;1727;Phra Pradaeng;21/09/1983;Somalia;29/07/2014;vconkeydp@alexa.com;hQRLsErqs0;0 Schiller Lane;14;371;347423;37 Ryan Park;14;255-885-1658;14
495;Zerk;Maddigan;M;1728;Vršac;31/01/2015;Iran;11/02/1992;zmaddigandq@sitemeter.com;xKyQku1;14 Basil Place;15;372;347424;42 Northfield Lane;15;358-956-9704;15
496;Lucho;Stallen;M;1729;Sai’erlong Xiang;16/08/1966;Japan;7/09/1991;lstallendr@gravatar.com;J2BlR5rf;04 Sommers Drive;16;226;347425;59535 Welch Place;16;979-585-4150;16
497;Birch;Kirlin;M;1730;At-Bashi;18/09/1982;Mexico;13/01/2012;bkirlinds@sfgate.com;K9SyaZ2S;81 Pierstorff Road;17;227;347426;76693 Lawn Pass;17;442-123-1727;17
498;Rutter;Lumley;M;1731;Lalagsan;3/02/1961;Belarus;10/08/1966;rlumleydt@nifty.com;MvZapU9J;8285 Loomis Road;18;228;347427;06 Anthes Circle;18;585-317-2237;18
499;Thomasina;Claasen;F;1732;Dengnan;24/08/1975;Ukraine;3/12/2006;tclaasendu@cloudflare.com;saJbE7;6242 Eastlawn Parkway;19;229;347428;51 Delaware Crossing;19;277-388-1929;19
500;Barri;McKeag;M;1733;Choroszcz;10/04/1979;Ethiopia;25/07/2003;bmckeagdv@blog.com;0RI5qnGRN0l;99824 Schurz Street;20;20;347429;15636 Loftsgordon Avenue;20;999-392-7767;20
